
  .   ____          _            __ _ _
 /\\ / ___'_ __ _ _(_)_ __  __ _ \ \ \ \
( ( )\___ | '_ | '_| | '_ \/ _` | \ \ \ \
 \\/  ___)| |_)| | | | | || (_| |  ) ) ) )
  '  |____| .__|_| |_|_| |_\__, | / / / /
 =========|_|==============|___/=/_/_/_/
 :: Spring Boot ::       (v2.2.13.RELEASE)

2026-04-08 12:12:20.109+0000  INFO --- [      main] o.e.b.BoundaryApplication                --  : Starting BoundaryApplication v1.1.5-SNAPSHOT on 46e7df0e4a80 with PID 1 (/app/app.jar started by root in /app) 
2026-04-08 12:12:20.115+0000  INFO --- [      main] o.e.b.BoundaryApplication                --  : No active profile set, falling back to default profiles: default 
2026-04-08 12:12:22.646+0000  INFO --- [      main] o.s.b.w.e.t.TomcatWebServer              --  : Tomcat initialized with port(s): 8082 (http) 
2026-04-08 12:12:22.659+0000  INFO --- [      main] o.a.c.core.StandardService               --  : Starting service [Tomcat] 
2026-04-08 12:12:22.660+0000  INFO --- [      main] o.a.c.core.StandardEngine                --  : Starting Servlet engine: [Apache Tomcat/9.0.41] 
2026-04-08 12:12:22.735+0000  INFO --- [      main] o.a.c.c.C.[.[.[/egov-location]           --  : Initializing Spring embedded WebApplicationContext 
2026-04-08 12:12:22.735+0000  INFO --- [      main] w.s.c.ServletWebServerApplicationContext --  : Root WebApplicationContext: initialization completed in 2537 ms 
2026-04-08 12:12:22.779+0000  INFO --- [      main] o.c.s.w.s.ServerTracingAutoConfiguration --  : Creating FilterRegistrationBean bean with TracingFilter mapped to [/*], skip pattern is "/api-docs.*|/autoconfig|/configprops|/dump|/health|/info|/metrics.*|/mappings|/swagger.*|.*.png|.*.css|.*.js|.*.html|/favicon.ico|/hystrix.stream|/prometheus|/manage/*" 
2026-04-08 12:12:23.317+0000  INFO --- [      main] o.f.c.i.license.VersionPrinter           --  : Flyway Community Edition 6.4.4 by Redgate 
2026-04-08 12:12:23.387+0000  WARN --- [      main] ConfigServletWebServerApplicationContext --  : Exception encountered during context initialization - cancelling refresh attempt: org.springframework.beans.factory.UnsatisfiedDependencyException: Error creating bean with name 'boundaryRepository' defined in URL [jar:file:/app/app.jar!/BOOT-INF/classes!/org/egov/boundary/persistence/repository/BoundaryRepository.class]: Unsatisfied dependency expressed through constructor parameter 0; nested exception is org.springframework.beans.factory.BeanCreationException: Error creating bean with name 'flywayInitializer' defined in class path resource [org/springframework/boot/autoconfigure/flyway/FlywayAutoConfiguration$FlywayConfiguration.class]: Invocation of init method failed; nested exception is org.flywaydb.core.internal.exception.FlywaySqlException: 
Unable to obtain connection from database (jdbc:postgresql://postgres:5432/egovdb) for user 'postgres': The authentication type 10 is not supported. Check that you have configured the pg_hba.conf file to include the client's IP address or subnet, and that it is using an authentication scheme supported by the driver.
-----------------------------------------------------------------------------------------------------------------------------------------------------------------------------------------------------------------------------------------------------------------------------------------------------------------------------
SQL State  : 08004
Error Code : 0
Message    : The authentication type 10 is not supported. Check that you have configured the pg_hba.conf file to include the client's IP address or subnet, and that it is using an authentication scheme supported by the driver.
 
2026-04-08 12:12:23.391+0000  INFO --- [      main] o.a.c.core.StandardService               --  : Stopping service [Tomcat] 
2026-04-08 12:12:23.408+0000  INFO --- [      main] ConditionEvaluationReportLoggingListener --  : 

Error starting ApplicationContext. To display the conditions report re-run your application with 'debug' enabled. 
2026-04-08 12:12:23.412+0000 ERROR --- [      main] o.s.boot.SpringApplication               --  : Application run failed 

org.springframework.beans.factory.UnsatisfiedDependencyException: Error creating bean with name 'boundaryRepository' defined in URL [jar:file:/app/app.jar!/BOOT-INF/classes!/org/egov/boundary/persistence/repository/BoundaryRepository.class]: Unsatisfied dependency expressed through constructor parameter 0; nested exception is org.springframework.beans.factory.BeanCreationException: Error creating bean with name 'flywayInitializer' defined in class path resource [org/springframework/boot/autoconfigure/flyway/FlywayAutoConfiguration$FlywayConfiguration.class]: Invocation of init method failed; nested exception is org.flywaydb.core.internal.exception.FlywaySqlException: 
Unable to obtain connection from database (jdbc:postgresql://postgres:5432/egovdb) for user 'postgres': The authentication type 10 is not supported. Check that you have configured the pg_hba.conf file to include the client's IP address or subnet, and that it is using an authentication scheme supported by the driver.
-----------------------------------------------------------------------------------------------------------------------------------------------------------------------------------------------------------------------------------------------------------------------------------------------------------------------------
SQL State  : 08004
Error Code : 0
Message    : The authentication type 10 is not supported. Check that you have configured the pg_hba.conf file to include the client's IP address or subnet, and that it is using an authentication scheme supported by the driver.

	at org.springframework.beans.factory.support.ConstructorResolver.createArgumentArray(ConstructorResolver.java:799)
	at org.springframework.beans.factory.support.ConstructorResolver.autowireConstructor(ConstructorResolver.java:228)
	at org.springframework.beans.factory.support.AbstractAutowireCapableBeanFactory.autowireConstructor(AbstractAutowireCapableBeanFactory.java:1361)
	at org.springframework.beans.factory.support.AbstractAutowireCapableBeanFactory.createBeanInstance(AbstractAutowireCapableBeanFactory.java:1208)
	at org.springframework.beans.factory.support.AbstractAutowireCapableBeanFactory.doCreateBean(AbstractAutowireCapableBeanFactory.java:556)
	at org.springframework.beans.factory.support.AbstractAutowireCapableBeanFactory.createBean(AbstractAutowireCapableBeanFactory.java:516)
	at org.springframework.beans.factory.support.AbstractBeanFactory.lambda$doGetBean$0(AbstractBeanFactory.java:324)
	at org.springframework.beans.factory.support.DefaultSingletonBeanRegistry.getSingleton(DefaultSingletonBeanRegistry.java:234)
	at org.springframework.beans.factory.support.AbstractBeanFactory.doGetBean(AbstractBeanFactory.java:322)
	at org.springframework.beans.factory.support.AbstractBeanFactory.getBean(AbstractBeanFactory.java:202)
	at org.springframework.beans.factory.support.DefaultListableBeanFactory.preInstantiateSingletons(DefaultListableBeanFactory.java:897)
	at org.springframework.context.support.AbstractApplicationContext.finishBeanFactoryInitialization(AbstractApplicationContext.java:879)
	at org.springframework.context.support.AbstractApplicationContext.refresh(AbstractApplicationContext.java:551)
	at org.springframework.boot.web.servlet.context.ServletWebServerApplicationContext.refresh(ServletWebServerApplicationContext.java:141)
	at org.springframework.boot.SpringApplication.refresh(SpringApplication.java:747)
	at org.springframework.boot.SpringApplication.refreshContext(SpringApplication.java:405)
	at org.springframework.boot.SpringApplication.run(SpringApplication.java:315)
	at org.springframework.boot.SpringApplication.run(SpringApplication.java:1226)
	at org.springframework.boot.SpringApplication.run(SpringApplication.java:1215)
	at org.egov.boundary.BoundaryApplication.main(BoundaryApplication.java:34)
	at java.base/jdk.internal.reflect.NativeMethodAccessorImpl.invoke0(Native Method)
	at java.base/jdk.internal.reflect.NativeMethodAccessorImpl.invoke(Unknown Source)
	at java.base/jdk.internal.reflect.DelegatingMethodAccessorImpl.invoke(Unknown Source)
	at java.base/java.lang.reflect.Method.invoke(Unknown Source)
	at org.springframework.boot.loader.MainMethodRunner.run(MainMethodRunner.java:48)
	at org.springframework.boot.loader.Launcher.launch(Launcher.java:87)
	at org.springframework.boot.loader.Launcher.launch(Launcher.java:51)
	at org.springframework.boot.loader.JarLauncher.main(JarLauncher.java:52)
Caused by: org.springframework.beans.factory.BeanCreationException: Error creating bean with name 'flywayInitializer' defined in class path resource [org/springframework/boot/autoconfigure/flyway/FlywayAutoConfiguration$FlywayConfiguration.class]: Invocation of init method failed; nested exception is org.flywaydb.core.internal.exception.FlywaySqlException: 
Unable to obtain connection from database (jdbc:postgresql://postgres:5432/egovdb) for user 'postgres': The authentication type 10 is not supported. Check that you have configured the pg_hba.conf file to include the client's IP address or subnet, and that it is using an authentication scheme supported by the driver.
-----------------------------------------------------------------------------------------------------------------------------------------------------------------------------------------------------------------------------------------------------------------------------------------------------------------------------
SQL State  : 08004
Error Code : 0
Message    : The authentication type 10 is not supported. Check that you have configured the pg_hba.conf file to include the client's IP address or subnet, and that it is using an authentication scheme supported by the driver.

	at org.springframework.beans.factory.support.AbstractAutowireCapableBeanFactory.initializeBean(AbstractAutowireCapableBeanFactory.java:1799)
	at org.springframework.beans.factory.support.AbstractAutowireCapableBeanFactory.doCreateBean(AbstractAutowireCapableBeanFactory.java:594)
	at org.springframework.beans.factory.support.AbstractAutowireCapableBeanFactory.createBean(AbstractAutowireCapableBeanFactory.java:516)
	at org.springframework.beans.factory.support.AbstractBeanFactory.lambda$doGetBean$0(AbstractBeanFactory.java:324)
	at org.springframework.beans.factory.support.DefaultSingletonBeanRegistry.getSingleton(DefaultSingletonBeanRegistry.java:234)
	at org.springframework.beans.factory.support.AbstractBeanFactory.doGetBean(AbstractBeanFactory.java:322)
	at org.springframework.beans.factory.support.AbstractBeanFactory.getBean(AbstractBeanFactory.java:202)
	at org.springframework.beans.factory.support.AbstractBeanFactory.doGetBean(AbstractBeanFactory.java:311)
	at org.springframework.beans.factory.support.AbstractBeanFactory.getBean(AbstractBeanFactory.java:202)
	at org.springframework.beans.factory.config.DependencyDescriptor.resolveCandidate(DependencyDescriptor.java:276)
	at org.springframework.beans.factory.support.DefaultListableBeanFactory.doResolveDependency(DefaultListableBeanFactory.java:1307)
	at org.springframework.beans.factory.support.DefaultListableBeanFactory.resolveDependency(DefaultListableBeanFactory.java:1227)
	at org.springframework.beans.factory.support.ConstructorResolver.resolveAutowiredArgument(ConstructorResolver.java:886)
	at org.springframework.beans.factory.support.ConstructorResolver.createArgumentArray(ConstructorResolver.java:790)
	... 27 common frames omitted
Caused by: org.flywaydb.core.internal.exception.FlywaySqlException: 
Unable to obtain connection from database (jdbc:postgresql://postgres:5432/egovdb) for user 'postgres': The authentication type 10 is not supported. Check that you have configured the pg_hba.conf file to include the client's IP address or subnet, and that it is using an authentication scheme supported by the driver.
-----------------------------------------------------------------------------------------------------------------------------------------------------------------------------------------------------------------------------------------------------------------------------------------------------------------------------
SQL State  : 08004
Error Code : 0
Message    : The authentication type 10 is not supported. Check that you have configured the pg_hba.conf file to include the client's IP address or subnet, and that it is using an authentication scheme supported by the driver.

	at org.flywaydb.core.internal.jdbc.JdbcUtils.openConnection(JdbcUtils.java:65)
	at org.flywaydb.core.internal.jdbc.JdbcConnectionFactory.<init>(JdbcConnectionFactory.java:80)
	at org.flywaydb.core.Flyway.execute(Flyway.java:456)
	at org.flywaydb.core.Flyway.migrate(Flyway.java:159)
	at org.springframework.boot.autoconfigure.flyway.FlywayMigrationInitializer.afterPropertiesSet(FlywayMigrationInitializer.java:65)
	at org.springframework.beans.factory.support.AbstractAutowireCapableBeanFactory.invokeInitMethods(AbstractAutowireCapableBeanFactory.java:1858)
	at org.springframework.beans.factory.support.AbstractAutowireCapableBeanFactory.initializeBean(AbstractAutowireCapableBeanFactory.java:1795)
	... 40 common frames omitted
Caused by: org.postgresql.util.PSQLException: The authentication type 10 is not supported. Check that you have configured the pg_hba.conf file to include the client's IP address or subnet, and that it is using an authentication scheme supported by the driver.
	at org.postgresql.core.v3.ConnectionFactoryImpl.doAuthentication(ConnectionFactoryImpl.java:634)
	at org.postgresql.core.v3.ConnectionFactoryImpl.openConnectionImpl(ConnectionFactoryImpl.java:217)
	at org.postgresql.core.ConnectionFactory.openConnection(ConnectionFactory.java:52)
	at org.postgresql.jdbc.PgConnection.<init>(PgConnection.java:216)
	at org.postgresql.Driver.makeConnection(Driver.java:404)
	at org.postgresql.Driver.connect(Driver.java:272)
	at org.flywaydb.core.internal.jdbc.DriverDataSource.getConnectionFromDriver(DriverDataSource.java:476)
	at org.flywaydb.core.internal.jdbc.DriverDataSource.getConnection(DriverDataSource.java:442)
	at org.flywaydb.core.internal.jdbc.JdbcUtils.openConnection(JdbcUtils.java:56)
	... 46 common frames omitted


  .   ____          _            __ _ _
 /\\ / ___'_ __ _ _(_)_ __  __ _ \ \ \ \
( ( )\___ | '_ | '_| | '_ \/ _` | \ \ \ \
 \\/  ___)| |_)| | | | | || (_| |  ) ) ) )
  '  |____| .__|_| |_|_| |_\__, | / / / /
 =========|_|==============|___/=/_/_/_/
 :: Spring Boot ::       (v2.2.13.RELEASE)

2026-04-08 12:12:25.810+0000  INFO --- [      main] o.e.b.BoundaryApplication                --  : Starting BoundaryApplication v1.1.5-SNAPSHOT on 46e7df0e4a80 with PID 1 (/app/app.jar started by root in /app) 
2026-04-08 12:12:25.817+0000  INFO --- [      main] o.e.b.BoundaryApplication                --  : No active profile set, falling back to default profiles: default 
2026-04-08 12:12:28.516+0000  INFO --- [      main] o.s.b.w.e.t.TomcatWebServer              --  : Tomcat initialized with port(s): 8082 (http) 
2026-04-08 12:12:28.534+0000  INFO --- [      main] o.a.c.core.StandardService               --  : Starting service [Tomcat] 
2026-04-08 12:12:28.534+0000  INFO --- [      main] o.a.c.core.StandardEngine                --  : Starting Servlet engine: [Apache Tomcat/9.0.41] 
2026-04-08 12:12:28.612+0000  INFO --- [      main] o.a.c.c.C.[.[.[/egov-location]           --  : Initializing Spring embedded WebApplicationContext 
2026-04-08 12:12:28.612+0000  INFO --- [      main] w.s.c.ServletWebServerApplicationContext --  : Root WebApplicationContext: initialization completed in 2714 ms 
2026-04-08 12:12:28.670+0000  INFO --- [      main] o.c.s.w.s.ServerTracingAutoConfiguration --  : Creating FilterRegistrationBean bean with TracingFilter mapped to [/*], skip pattern is "/api-docs.*|/autoconfig|/configprops|/dump|/health|/info|/metrics.*|/mappings|/swagger.*|.*.png|.*.css|.*.js|.*.html|/favicon.ico|/hystrix.stream|/prometheus|/manage/*" 
2026-04-08 12:12:29.461+0000  INFO --- [      main] o.f.c.i.license.VersionPrinter           --  : Flyway Community Edition 6.4.4 by Redgate 
2026-04-08 12:12:29.515+0000  WARN --- [      main] ConfigServletWebServerApplicationContext --  : Exception encountered during context initialization - cancelling refresh attempt: org.springframework.beans.factory.UnsatisfiedDependencyException: Error creating bean with name 'boundaryRepository' defined in URL [jar:file:/app/app.jar!/BOOT-INF/classes!/org/egov/boundary/persistence/repository/BoundaryRepository.class]: Unsatisfied dependency expressed through constructor parameter 0; nested exception is org.springframework.beans.factory.BeanCreationException: Error creating bean with name 'flywayInitializer' defined in class path resource [org/springframework/boot/autoconfigure/flyway/FlywayAutoConfiguration$FlywayConfiguration.class]: Invocation of init method failed; nested exception is org.flywaydb.core.internal.exception.FlywaySqlException: 
Unable to obtain connection from database (jdbc:postgresql://postgres:5432/egovdb) for user 'postgres': The authentication type 10 is not supported. Check that you have configured the pg_hba.conf file to include the client's IP address or subnet, and that it is using an authentication scheme supported by the driver.
-----------------------------------------------------------------------------------------------------------------------------------------------------------------------------------------------------------------------------------------------------------------------------------------------------------------------------
SQL State  : 08004
Error Code : 0
Message    : The authentication type 10 is not supported. Check that you have configured the pg_hba.conf file to include the client's IP address or subnet, and that it is using an authentication scheme supported by the driver.
 
2026-04-08 12:12:29.520+0000  INFO --- [      main] o.a.c.core.StandardService               --  : Stopping service [Tomcat] 
2026-04-08 12:12:29.535+0000  INFO --- [      main] ConditionEvaluationReportLoggingListener --  : 

Error starting ApplicationContext. To display the conditions report re-run your application with 'debug' enabled. 
2026-04-08 12:12:29.540+0000 ERROR --- [      main] o.s.boot.SpringApplication               --  : Application run failed 

org.springframework.beans.factory.UnsatisfiedDependencyException: Error creating bean with name 'boundaryRepository' defined in URL [jar:file:/app/app.jar!/BOOT-INF/classes!/org/egov/boundary/persistence/repository/BoundaryRepository.class]: Unsatisfied dependency expressed through constructor parameter 0; nested exception is org.springframework.beans.factory.BeanCreationException: Error creating bean with name 'flywayInitializer' defined in class path resource [org/springframework/boot/autoconfigure/flyway/FlywayAutoConfiguration$FlywayConfiguration.class]: Invocation of init method failed; nested exception is org.flywaydb.core.internal.exception.FlywaySqlException: 
Unable to obtain connection from database (jdbc:postgresql://postgres:5432/egovdb) for user 'postgres': The authentication type 10 is not supported. Check that you have configured the pg_hba.conf file to include the client's IP address or subnet, and that it is using an authentication scheme supported by the driver.
-----------------------------------------------------------------------------------------------------------------------------------------------------------------------------------------------------------------------------------------------------------------------------------------------------------------------------
SQL State  : 08004
Error Code : 0
Message    : The authentication type 10 is not supported. Check that you have configured the pg_hba.conf file to include the client's IP address or subnet, and that it is using an authentication scheme supported by the driver.

	at org.springframework.beans.factory.support.ConstructorResolver.createArgumentArray(ConstructorResolver.java:799)
	at org.springframework.beans.factory.support.ConstructorResolver.autowireConstructor(ConstructorResolver.java:228)
	at org.springframework.beans.factory.support.AbstractAutowireCapableBeanFactory.autowireConstructor(AbstractAutowireCapableBeanFactory.java:1361)
	at org.springframework.beans.factory.support.AbstractAutowireCapableBeanFactory.createBeanInstance(AbstractAutowireCapableBeanFactory.java:1208)
	at org.springframework.beans.factory.support.AbstractAutowireCapableBeanFactory.doCreateBean(AbstractAutowireCapableBeanFactory.java:556)
	at org.springframework.beans.factory.support.AbstractAutowireCapableBeanFactory.createBean(AbstractAutowireCapableBeanFactory.java:516)
	at org.springframework.beans.factory.support.AbstractBeanFactory.lambda$doGetBean$0(AbstractBeanFactory.java:324)
	at org.springframework.beans.factory.support.DefaultSingletonBeanRegistry.getSingleton(DefaultSingletonBeanRegistry.java:234)
	at org.springframework.beans.factory.support.AbstractBeanFactory.doGetBean(AbstractBeanFactory.java:322)
	at org.springframework.beans.factory.support.AbstractBeanFactory.getBean(AbstractBeanFactory.java:202)
	at org.springframework.beans.factory.support.DefaultListableBeanFactory.preInstantiateSingletons(DefaultListableBeanFactory.java:897)
	at org.springframework.context.support.AbstractApplicationContext.finishBeanFactoryInitialization(AbstractApplicationContext.java:879)
	at org.springframework.context.support.AbstractApplicationContext.refresh(AbstractApplicationContext.java:551)
	at org.springframework.boot.web.servlet.context.ServletWebServerApplicationContext.refresh(ServletWebServerApplicationContext.java:141)
	at org.springframework.boot.SpringApplication.refresh(SpringApplication.java:747)
	at org.springframework.boot.SpringApplication.refreshContext(SpringApplication.java:405)
	at org.springframework.boot.SpringApplication.run(SpringApplication.java:315)
	at org.springframework.boot.SpringApplication.run(SpringApplication.java:1226)
	at org.springframework.boot.SpringApplication.run(SpringApplication.java:1215)
	at org.egov.boundary.BoundaryApplication.main(BoundaryApplication.java:34)
	at java.base/jdk.internal.reflect.NativeMethodAccessorImpl.invoke0(Native Method)
	at java.base/jdk.internal.reflect.NativeMethodAccessorImpl.invoke(Unknown Source)
	at java.base/jdk.internal.reflect.DelegatingMethodAccessorImpl.invoke(Unknown Source)
	at java.base/java.lang.reflect.Method.invoke(Unknown Source)
	at org.springframework.boot.loader.MainMethodRunner.run(MainMethodRunner.java:48)
	at org.springframework.boot.loader.Launcher.launch(Launcher.java:87)
	at org.springframework.boot.loader.Launcher.launch(Launcher.java:51)
	at org.springframework.boot.loader.JarLauncher.main(JarLauncher.java:52)
Caused by: org.springframework.beans.factory.BeanCreationException: Error creating bean with name 'flywayInitializer' defined in class path resource [org/springframework/boot/autoconfigure/flyway/FlywayAutoConfiguration$FlywayConfiguration.class]: Invocation of init method failed; nested exception is org.flywaydb.core.internal.exception.FlywaySqlException: 
Unable to obtain connection from database (jdbc:postgresql://postgres:5432/egovdb) for user 'postgres': The authentication type 10 is not supported. Check that you have configured the pg_hba.conf file to include the client's IP address or subnet, and that it is using an authentication scheme supported by the driver.
-----------------------------------------------------------------------------------------------------------------------------------------------------------------------------------------------------------------------------------------------------------------------------------------------------------------------------
SQL State  : 08004
Error Code : 0
Message    : The authentication type 10 is not supported. Check that you have configured the pg_hba.conf file to include the client's IP address or subnet, and that it is using an authentication scheme supported by the driver.

	at org.springframework.beans.factory.support.AbstractAutowireCapableBeanFactory.initializeBean(AbstractAutowireCapableBeanFactory.java:1799)
	at org.springframework.beans.factory.support.AbstractAutowireCapableBeanFactory.doCreateBean(AbstractAutowireCapableBeanFactory.java:594)
	at org.springframework.beans.factory.support.AbstractAutowireCapableBeanFactory.createBean(AbstractAutowireCapableBeanFactory.java:516)
	at org.springframework.beans.factory.support.AbstractBeanFactory.lambda$doGetBean$0(AbstractBeanFactory.java:324)
	at org.springframework.beans.factory.support.DefaultSingletonBeanRegistry.getSingleton(DefaultSingletonBeanRegistry.java:234)
	at org.springframework.beans.factory.support.AbstractBeanFactory.doGetBean(AbstractBeanFactory.java:322)
	at org.springframework.beans.factory.support.AbstractBeanFactory.getBean(AbstractBeanFactory.java:202)
	at org.springframework.beans.factory.support.AbstractBeanFactory.doGetBean(AbstractBeanFactory.java:311)
	at org.springframework.beans.factory.support.AbstractBeanFactory.getBean(AbstractBeanFactory.java:202)
	at org.springframework.beans.factory.config.DependencyDescriptor.resolveCandidate(DependencyDescriptor.java:276)
	at org.springframework.beans.factory.support.DefaultListableBeanFactory.doResolveDependency(DefaultListableBeanFactory.java:1307)
	at org.springframework.beans.factory.support.DefaultListableBeanFactory.resolveDependency(DefaultListableBeanFactory.java:1227)
	at org.springframework.beans.factory.support.ConstructorResolver.resolveAutowiredArgument(ConstructorResolver.java:886)
	at org.springframework.beans.factory.support.ConstructorResolver.createArgumentArray(ConstructorResolver.java:790)
	... 27 common frames omitted
Caused by: org.flywaydb.core.internal.exception.FlywaySqlException: 
Unable to obtain connection from database (jdbc:postgresql://postgres:5432/egovdb) for user 'postgres': The authentication type 10 is not supported. Check that you have configured the pg_hba.conf file to include the client's IP address or subnet, and that it is using an authentication scheme supported by the driver.
-----------------------------------------------------------------------------------------------------------------------------------------------------------------------------------------------------------------------------------------------------------------------------------------------------------------------------
SQL State  : 08004
Error Code : 0
Message    : The authentication type 10 is not supported. Check that you have configured the pg_hba.conf file to include the client's IP address or subnet, and that it is using an authentication scheme supported by the driver.

	at org.flywaydb.core.internal.jdbc.JdbcUtils.openConnection(JdbcUtils.java:65)
	at org.flywaydb.core.internal.jdbc.JdbcConnectionFactory.<init>(JdbcConnectionFactory.java:80)
	at org.flywaydb.core.Flyway.execute(Flyway.java:456)
	at org.flywaydb.core.Flyway.migrate(Flyway.java:159)
	at org.springframework.boot.autoconfigure.flyway.FlywayMigrationInitializer.afterPropertiesSet(FlywayMigrationInitializer.java:65)
	at org.springframework.beans.factory.support.AbstractAutowireCapableBeanFactory.invokeInitMethods(AbstractAutowireCapableBeanFactory.java:1858)
	at org.springframework.beans.factory.support.AbstractAutowireCapableBeanFactory.initializeBean(AbstractAutowireCapableBeanFactory.java:1795)
	... 40 common frames omitted
Caused by: org.postgresql.util.PSQLException: The authentication type 10 is not supported. Check that you have configured the pg_hba.conf file to include the client's IP address or subnet, and that it is using an authentication scheme supported by the driver.
	at org.postgresql.core.v3.ConnectionFactoryImpl.doAuthentication(ConnectionFactoryImpl.java:634)
	at org.postgresql.core.v3.ConnectionFactoryImpl.openConnectionImpl(ConnectionFactoryImpl.java:217)
	at org.postgresql.core.ConnectionFactory.openConnection(ConnectionFactory.java:52)
	at org.postgresql.jdbc.PgConnection.<init>(PgConnection.java:216)
	at org.postgresql.Driver.makeConnection(Driver.java:404)
	at org.postgresql.Driver.connect(Driver.java:272)
	at org.flywaydb.core.internal.jdbc.DriverDataSource.getConnectionFromDriver(DriverDataSource.java:476)
	at org.flywaydb.core.internal.jdbc.DriverDataSource.getConnection(DriverDataSource.java:442)
	at org.flywaydb.core.internal.jdbc.JdbcUtils.openConnection(JdbcUtils.java:56)
	... 46 common frames omitted


  .   ____          _            __ _ _
 /\\ / ___'_ __ _ _(_)_ __  __ _ \ \ \ \
( ( )\___ | '_ | '_| | '_ \/ _` | \ \ \ \
 \\/  ___)| |_)| | | | | || (_| |  ) ) ) )
  '  |____| .__|_| |_|_| |_\__, | / / / /
 =========|_|==============|___/=/_/_/_/
 :: Spring Boot ::       (v2.2.13.RELEASE)

2026-04-08 12:12:35.113+0000  INFO --- [      main] o.e.b.BoundaryApplication                --  : Starting BoundaryApplication v1.1.5-SNAPSHOT on 46e7df0e4a80 with PID 1 (/app/app.jar started by root in /app) 
2026-04-08 12:12:35.120+0000  INFO --- [      main] o.e.b.BoundaryApplication                --  : No active profile set, falling back to default profiles: default 
2026-04-08 12:12:37.845+0000  INFO --- [      main] o.s.b.w.e.t.TomcatWebServer              --  : Tomcat initialized with port(s): 8082 (http) 
2026-04-08 12:12:37.864+0000  INFO --- [      main] o.a.c.core.StandardService               --  : Starting service [Tomcat] 
2026-04-08 12:12:37.866+0000  INFO --- [      main] o.a.c.core.StandardEngine                --  : Starting Servlet engine: [Apache Tomcat/9.0.41] 
2026-04-08 12:12:37.970+0000  INFO --- [      main] o.a.c.c.C.[.[.[/egov-location]           --  : Initializing Spring embedded WebApplicationContext 
2026-04-08 12:12:37.970+0000  INFO --- [      main] w.s.c.ServletWebServerApplicationContext --  : Root WebApplicationContext: initialization completed in 2705 ms 
2026-04-08 12:12:38.018+0000  INFO --- [      main] o.c.s.w.s.ServerTracingAutoConfiguration --  : Creating FilterRegistrationBean bean with TracingFilter mapped to [/*], skip pattern is "/api-docs.*|/autoconfig|/configprops|/dump|/health|/info|/metrics.*|/mappings|/swagger.*|.*.png|.*.css|.*.js|.*.html|/favicon.ico|/hystrix.stream|/prometheus|/manage/*" 
2026-04-08 12:12:38.661+0000  INFO --- [      main] o.f.c.i.license.VersionPrinter           --  : Flyway Community Edition 6.4.4 by Redgate 
2026-04-08 12:12:38.709+0000  WARN --- [      main] ConfigServletWebServerApplicationContext --  : Exception encountered during context initialization - cancelling refresh attempt: org.springframework.beans.factory.UnsatisfiedDependencyException: Error creating bean with name 'boundaryRepository' defined in URL [jar:file:/app/app.jar!/BOOT-INF/classes!/org/egov/boundary/persistence/repository/BoundaryRepository.class]: Unsatisfied dependency expressed through constructor parameter 0; nested exception is org.springframework.beans.factory.BeanCreationException: Error creating bean with name 'flywayInitializer' defined in class path resource [org/springframework/boot/autoconfigure/flyway/FlywayAutoConfiguration$FlywayConfiguration.class]: Invocation of init method failed; nested exception is org.flywaydb.core.internal.exception.FlywaySqlException: 
Unable to obtain connection from database (jdbc:postgresql://postgres:5432/egovdb) for user 'postgres': The authentication type 10 is not supported. Check that you have configured the pg_hba.conf file to include the client's IP address or subnet, and that it is using an authentication scheme supported by the driver.
-----------------------------------------------------------------------------------------------------------------------------------------------------------------------------------------------------------------------------------------------------------------------------------------------------------------------------
SQL State  : 08004
Error Code : 0
Message    : The authentication type 10 is not supported. Check that you have configured the pg_hba.conf file to include the client's IP address or subnet, and that it is using an authentication scheme supported by the driver.
 
2026-04-08 12:12:38.713+0000  INFO --- [      main] o.a.c.core.StandardService               --  : Stopping service [Tomcat] 
2026-04-08 12:12:38.729+0000  INFO --- [      main] ConditionEvaluationReportLoggingListener --  : 

Error starting ApplicationContext. To display the conditions report re-run your application with 'debug' enabled. 
2026-04-08 12:12:38.733+0000 ERROR --- [      main] o.s.boot.SpringApplication               --  : Application run failed 

org.springframework.beans.factory.UnsatisfiedDependencyException: Error creating bean with name 'boundaryRepository' defined in URL [jar:file:/app/app.jar!/BOOT-INF/classes!/org/egov/boundary/persistence/repository/BoundaryRepository.class]: Unsatisfied dependency expressed through constructor parameter 0; nested exception is org.springframework.beans.factory.BeanCreationException: Error creating bean with name 'flywayInitializer' defined in class path resource [org/springframework/boot/autoconfigure/flyway/FlywayAutoConfiguration$FlywayConfiguration.class]: Invocation of init method failed; nested exception is org.flywaydb.core.internal.exception.FlywaySqlException: 
Unable to obtain connection from database (jdbc:postgresql://postgres:5432/egovdb) for user 'postgres': The authentication type 10 is not supported. Check that you have configured the pg_hba.conf file to include the client's IP address or subnet, and that it is using an authentication scheme supported by the driver.
-----------------------------------------------------------------------------------------------------------------------------------------------------------------------------------------------------------------------------------------------------------------------------------------------------------------------------
SQL State  : 08004
Error Code : 0
Message    : The authentication type 10 is not supported. Check that you have configured the pg_hba.conf file to include the client's IP address or subnet, and that it is using an authentication scheme supported by the driver.

	at org.springframework.beans.factory.support.ConstructorResolver.createArgumentArray(ConstructorResolver.java:799)
	at org.springframework.beans.factory.support.ConstructorResolver.autowireConstructor(ConstructorResolver.java:228)
	at org.springframework.beans.factory.support.AbstractAutowireCapableBeanFactory.autowireConstructor(AbstractAutowireCapableBeanFactory.java:1361)
	at org.springframework.beans.factory.support.AbstractAutowireCapableBeanFactory.createBeanInstance(AbstractAutowireCapableBeanFactory.java:1208)
	at org.springframework.beans.factory.support.AbstractAutowireCapableBeanFactory.doCreateBean(AbstractAutowireCapableBeanFactory.java:556)
	at org.springframework.beans.factory.support.AbstractAutowireCapableBeanFactory.createBean(AbstractAutowireCapableBeanFactory.java:516)
	at org.springframework.beans.factory.support.AbstractBeanFactory.lambda$doGetBean$0(AbstractBeanFactory.java:324)
	at org.springframework.beans.factory.support.DefaultSingletonBeanRegistry.getSingleton(DefaultSingletonBeanRegistry.java:234)
	at org.springframework.beans.factory.support.AbstractBeanFactory.doGetBean(AbstractBeanFactory.java:322)
	at org.springframework.beans.factory.support.AbstractBeanFactory.getBean(AbstractBeanFactory.java:202)
	at org.springframework.beans.factory.support.DefaultListableBeanFactory.preInstantiateSingletons(DefaultListableBeanFactory.java:897)
	at org.springframework.context.support.AbstractApplicationContext.finishBeanFactoryInitialization(AbstractApplicationContext.java:879)
	at org.springframework.context.support.AbstractApplicationContext.refresh(AbstractApplicationContext.java:551)
	at org.springframework.boot.web.servlet.context.ServletWebServerApplicationContext.refresh(ServletWebServerApplicationContext.java:141)
	at org.springframework.boot.SpringApplication.refresh(SpringApplication.java:747)
	at org.springframework.boot.SpringApplication.refreshContext(SpringApplication.java:405)
	at org.springframework.boot.SpringApplication.run(SpringApplication.java:315)
	at org.springframework.boot.SpringApplication.run(SpringApplication.java:1226)
	at org.springframework.boot.SpringApplication.run(SpringApplication.java:1215)
	at org.egov.boundary.BoundaryApplication.main(BoundaryApplication.java:34)
	at java.base/jdk.internal.reflect.NativeMethodAccessorImpl.invoke0(Native Method)
	at java.base/jdk.internal.reflect.NativeMethodAccessorImpl.invoke(Unknown Source)
	at java.base/jdk.internal.reflect.DelegatingMethodAccessorImpl.invoke(Unknown Source)
	at java.base/java.lang.reflect.Method.invoke(Unknown Source)
	at org.springframework.boot.loader.MainMethodRunner.run(MainMethodRunner.java:48)
	at org.springframework.boot.loader.Launcher.launch(Launcher.java:87)
	at org.springframework.boot.loader.Launcher.launch(Launcher.java:51)
	at org.springframework.boot.loader.JarLauncher.main(JarLauncher.java:52)
Caused by: org.springframework.beans.factory.BeanCreationException: Error creating bean with name 'flywayInitializer' defined in class path resource [org/springframework/boot/autoconfigure/flyway/FlywayAutoConfiguration$FlywayConfiguration.class]: Invocation of init method failed; nested exception is org.flywaydb.core.internal.exception.FlywaySqlException: 
Unable to obtain connection from database (jdbc:postgresql://postgres:5432/egovdb) for user 'postgres': The authentication type 10 is not supported. Check that you have configured the pg_hba.conf file to include the client's IP address or subnet, and that it is using an authentication scheme supported by the driver.
-----------------------------------------------------------------------------------------------------------------------------------------------------------------------------------------------------------------------------------------------------------------------------------------------------------------------------
SQL State  : 08004
Error Code : 0
Message    : The authentication type 10 is not supported. Check that you have configured the pg_hba.conf file to include the client's IP address or subnet, and that it is using an authentication scheme supported by the driver.

	at org.springframework.beans.factory.support.AbstractAutowireCapableBeanFactory.initializeBean(AbstractAutowireCapableBeanFactory.java:1799)
	at org.springframework.beans.factory.support.AbstractAutowireCapableBeanFactory.doCreateBean(AbstractAutowireCapableBeanFactory.java:594)
	at org.springframework.beans.factory.support.AbstractAutowireCapableBeanFactory.createBean(AbstractAutowireCapableBeanFactory.java:516)
	at org.springframework.beans.factory.support.AbstractBeanFactory.lambda$doGetBean$0(AbstractBeanFactory.java:324)
	at org.springframework.beans.factory.support.DefaultSingletonBeanRegistry.getSingleton(DefaultSingletonBeanRegistry.java:234)
	at org.springframework.beans.factory.support.AbstractBeanFactory.doGetBean(AbstractBeanFactory.java:322)
	at org.springframework.beans.factory.support.AbstractBeanFactory.getBean(AbstractBeanFactory.java:202)
	at org.springframework.beans.factory.support.AbstractBeanFactory.doGetBean(AbstractBeanFactory.java:311)
	at org.springframework.beans.factory.support.AbstractBeanFactory.getBean(AbstractBeanFactory.java:202)
	at org.springframework.beans.factory.config.DependencyDescriptor.resolveCandidate(DependencyDescriptor.java:276)
	at org.springframework.beans.factory.support.DefaultListableBeanFactory.doResolveDependency(DefaultListableBeanFactory.java:1307)
	at org.springframework.beans.factory.support.DefaultListableBeanFactory.resolveDependency(DefaultListableBeanFactory.java:1227)
	at org.springframework.beans.factory.support.ConstructorResolver.resolveAutowiredArgument(ConstructorResolver.java:886)
	at org.springframework.beans.factory.support.ConstructorResolver.createArgumentArray(ConstructorResolver.java:790)
	... 27 common frames omitted
Caused by: org.flywaydb.core.internal.exception.FlywaySqlException: 
Unable to obtain connection from database (jdbc:postgresql://postgres:5432/egovdb) for user 'postgres': The authentication type 10 is not supported. Check that you have configured the pg_hba.conf file to include the client's IP address or subnet, and that it is using an authentication scheme supported by the driver.
-----------------------------------------------------------------------------------------------------------------------------------------------------------------------------------------------------------------------------------------------------------------------------------------------------------------------------
SQL State  : 08004
Error Code : 0
Message    : The authentication type 10 is not supported. Check that you have configured the pg_hba.conf file to include the client's IP address or subnet, and that it is using an authentication scheme supported by the driver.

	at org.flywaydb.core.internal.jdbc.JdbcUtils.openConnection(JdbcUtils.java:65)
	at org.flywaydb.core.internal.jdbc.JdbcConnectionFactory.<init>(JdbcConnectionFactory.java:80)
	at org.flywaydb.core.Flyway.execute(Flyway.java:456)
	at org.flywaydb.core.Flyway.migrate(Flyway.java:159)
	at org.springframework.boot.autoconfigure.flyway.FlywayMigrationInitializer.afterPropertiesSet(FlywayMigrationInitializer.java:65)
	at org.springframework.beans.factory.support.AbstractAutowireCapableBeanFactory.invokeInitMethods(AbstractAutowireCapableBeanFactory.java:1858)
	at org.springframework.beans.factory.support.AbstractAutowireCapableBeanFactory.initializeBean(AbstractAutowireCapableBeanFactory.java:1795)
	... 40 common frames omitted
Caused by: org.postgresql.util.PSQLException: The authentication type 10 is not supported. Check that you have configured the pg_hba.conf file to include the client's IP address or subnet, and that it is using an authentication scheme supported by the driver.
	at org.postgresql.core.v3.ConnectionFactoryImpl.doAuthentication(ConnectionFactoryImpl.java:634)
	at org.postgresql.core.v3.ConnectionFactoryImpl.openConnectionImpl(ConnectionFactoryImpl.java:217)
	at org.postgresql.core.ConnectionFactory.openConnection(ConnectionFactory.java:52)
	at org.postgresql.jdbc.PgConnection.<init>(PgConnection.java:216)
	at org.postgresql.Driver.makeConnection(Driver.java:404)
	at org.postgresql.Driver.connect(Driver.java:272)
	at org.flywaydb.core.internal.jdbc.DriverDataSource.getConnectionFromDriver(DriverDataSource.java:476)
	at org.flywaydb.core.internal.jdbc.DriverDataSource.getConnection(DriverDataSource.java:442)
	at org.flywaydb.core.internal.jdbc.JdbcUtils.openConnection(JdbcUtils.java:56)
	... 46 common frames omitted


  .   ____          _            __ _ _
 /\\ / ___'_ __ _ _(_)_ __  __ _ \ \ \ \
( ( )\___ | '_ | '_| | '_ \/ _` | \ \ \ \
 \\/  ___)| |_)| | | | | || (_| |  ) ) ) )
  '  |____| .__|_| |_|_| |_\__, | / / / /
 =========|_|==============|___/=/_/_/_/
 :: Spring Boot ::       (v2.2.13.RELEASE)

2026-04-08 12:12:40.661+0000  INFO --- [      main] o.e.b.BoundaryApplication                --  : Starting BoundaryApplication v1.1.5-SNAPSHOT on 46e7df0e4a80 with PID 1 (/app/app.jar started by root in /app) 
2026-04-08 12:12:40.664+0000  INFO --- [      main] o.e.b.BoundaryApplication                --  : No active profile set, falling back to default profiles: default 
2026-04-08 12:12:42.928+0000  INFO --- [      main] o.s.b.w.e.t.TomcatWebServer              --  : Tomcat initialized with port(s): 8082 (http) 
2026-04-08 12:12:42.947+0000  INFO --- [      main] o.a.c.core.StandardService               --  : Starting service [Tomcat] 
2026-04-08 12:12:42.948+0000  INFO --- [      main] o.a.c.core.StandardEngine                --  : Starting Servlet engine: [Apache Tomcat/9.0.41] 
2026-04-08 12:12:43.033+0000  INFO --- [      main] o.a.c.c.C.[.[.[/egov-location]           --  : Initializing Spring embedded WebApplicationContext 
2026-04-08 12:12:43.033+0000  INFO --- [      main] w.s.c.ServletWebServerApplicationContext --  : Root WebApplicationContext: initialization completed in 2302 ms 
2026-04-08 12:12:43.076+0000  INFO --- [      main] o.c.s.w.s.ServerTracingAutoConfiguration --  : Creating FilterRegistrationBean bean with TracingFilter mapped to [/*], skip pattern is "/api-docs.*|/autoconfig|/configprops|/dump|/health|/info|/metrics.*|/mappings|/swagger.*|.*.png|.*.css|.*.js|.*.html|/favicon.ico|/hystrix.stream|/prometheus|/manage/*" 
2026-04-08 12:12:43.514+0000  INFO --- [      main] o.f.c.i.license.VersionPrinter           --  : Flyway Community Edition 6.4.4 by Redgate 
2026-04-08 12:12:43.589+0000  WARN --- [      main] ConfigServletWebServerApplicationContext --  : Exception encountered during context initialization - cancelling refresh attempt: org.springframework.beans.factory.UnsatisfiedDependencyException: Error creating bean with name 'boundaryRepository' defined in URL [jar:file:/app/app.jar!/BOOT-INF/classes!/org/egov/boundary/persistence/repository/BoundaryRepository.class]: Unsatisfied dependency expressed through constructor parameter 0; nested exception is org.springframework.beans.factory.BeanCreationException: Error creating bean with name 'flywayInitializer' defined in class path resource [org/springframework/boot/autoconfigure/flyway/FlywayAutoConfiguration$FlywayConfiguration.class]: Invocation of init method failed; nested exception is org.flywaydb.core.internal.exception.FlywaySqlException: 
Unable to obtain connection from database (jdbc:postgresql://postgres:5432/egovdb) for user 'postgres': The authentication type 10 is not supported. Check that you have configured the pg_hba.conf file to include the client's IP address or subnet, and that it is using an authentication scheme supported by the driver.
-----------------------------------------------------------------------------------------------------------------------------------------------------------------------------------------------------------------------------------------------------------------------------------------------------------------------------
SQL State  : 08004
Error Code : 0
Message    : The authentication type 10 is not supported. Check that you have configured the pg_hba.conf file to include the client's IP address or subnet, and that it is using an authentication scheme supported by the driver.
 
2026-04-08 12:12:43.597+0000  INFO --- [      main] o.a.c.core.StandardService               --  : Stopping service [Tomcat] 
2026-04-08 12:12:43.621+0000  INFO --- [      main] ConditionEvaluationReportLoggingListener --  : 

Error starting ApplicationContext. To display the conditions report re-run your application with 'debug' enabled. 
2026-04-08 12:12:43.627+0000 ERROR --- [      main] o.s.boot.SpringApplication               --  : Application run failed 

org.springframework.beans.factory.UnsatisfiedDependencyException: Error creating bean with name 'boundaryRepository' defined in URL [jar:file:/app/app.jar!/BOOT-INF/classes!/org/egov/boundary/persistence/repository/BoundaryRepository.class]: Unsatisfied dependency expressed through constructor parameter 0; nested exception is org.springframework.beans.factory.BeanCreationException: Error creating bean with name 'flywayInitializer' defined in class path resource [org/springframework/boot/autoconfigure/flyway/FlywayAutoConfiguration$FlywayConfiguration.class]: Invocation of init method failed; nested exception is org.flywaydb.core.internal.exception.FlywaySqlException: 
Unable to obtain connection from database (jdbc:postgresql://postgres:5432/egovdb) for user 'postgres': The authentication type 10 is not supported. Check that you have configured the pg_hba.conf file to include the client's IP address or subnet, and that it is using an authentication scheme supported by the driver.
-----------------------------------------------------------------------------------------------------------------------------------------------------------------------------------------------------------------------------------------------------------------------------------------------------------------------------
SQL State  : 08004
Error Code : 0
Message    : The authentication type 10 is not supported. Check that you have configured the pg_hba.conf file to include the client's IP address or subnet, and that it is using an authentication scheme supported by the driver.

	at org.springframework.beans.factory.support.ConstructorResolver.createArgumentArray(ConstructorResolver.java:799)
	at org.springframework.beans.factory.support.ConstructorResolver.autowireConstructor(ConstructorResolver.java:228)
	at org.springframework.beans.factory.support.AbstractAutowireCapableBeanFactory.autowireConstructor(AbstractAutowireCapableBeanFactory.java:1361)
	at org.springframework.beans.factory.support.AbstractAutowireCapableBeanFactory.createBeanInstance(AbstractAutowireCapableBeanFactory.java:1208)
	at org.springframework.beans.factory.support.AbstractAutowireCapableBeanFactory.doCreateBean(AbstractAutowireCapableBeanFactory.java:556)
	at org.springframework.beans.factory.support.AbstractAutowireCapableBeanFactory.createBean(AbstractAutowireCapableBeanFactory.java:516)
	at org.springframework.beans.factory.support.AbstractBeanFactory.lambda$doGetBean$0(AbstractBeanFactory.java:324)
	at org.springframework.beans.factory.support.DefaultSingletonBeanRegistry.getSingleton(DefaultSingletonBeanRegistry.java:234)
	at org.springframework.beans.factory.support.AbstractBeanFactory.doGetBean(AbstractBeanFactory.java:322)
	at org.springframework.beans.factory.support.AbstractBeanFactory.getBean(AbstractBeanFactory.java:202)
	at org.springframework.beans.factory.support.DefaultListableBeanFactory.preInstantiateSingletons(DefaultListableBeanFactory.java:897)
	at org.springframework.context.support.AbstractApplicationContext.finishBeanFactoryInitialization(AbstractApplicationContext.java:879)
	at org.springframework.context.support.AbstractApplicationContext.refresh(AbstractApplicationContext.java:551)
	at org.springframework.boot.web.servlet.context.ServletWebServerApplicationContext.refresh(ServletWebServerApplicationContext.java:141)
	at org.springframework.boot.SpringApplication.refresh(SpringApplication.java:747)
	at org.springframework.boot.SpringApplication.refreshContext(SpringApplication.java:405)
	at org.springframework.boot.SpringApplication.run(SpringApplication.java:315)
	at org.springframework.boot.SpringApplication.run(SpringApplication.java:1226)
	at org.springframework.boot.SpringApplication.run(SpringApplication.java:1215)
	at org.egov.boundary.BoundaryApplication.main(BoundaryApplication.java:34)
	at java.base/jdk.internal.reflect.NativeMethodAccessorImpl.invoke0(Native Method)
	at java.base/jdk.internal.reflect.NativeMethodAccessorImpl.invoke(Unknown Source)
	at java.base/jdk.internal.reflect.DelegatingMethodAccessorImpl.invoke(Unknown Source)
	at java.base/java.lang.reflect.Method.invoke(Unknown Source)
	at org.springframework.boot.loader.MainMethodRunner.run(MainMethodRunner.java:48)
	at org.springframework.boot.loader.Launcher.launch(Launcher.java:87)
	at org.springframework.boot.loader.Launcher.launch(Launcher.java:51)
	at org.springframework.boot.loader.JarLauncher.main(JarLauncher.java:52)
Caused by: org.springframework.beans.factory.BeanCreationException: Error creating bean with name 'flywayInitializer' defined in class path resource [org/springframework/boot/autoconfigure/flyway/FlywayAutoConfiguration$FlywayConfiguration.class]: Invocation of init method failed; nested exception is org.flywaydb.core.internal.exception.FlywaySqlException: 
Unable to obtain connection from database (jdbc:postgresql://postgres:5432/egovdb) for user 'postgres': The authentication type 10 is not supported. Check that you have configured the pg_hba.conf file to include the client's IP address or subnet, and that it is using an authentication scheme supported by the driver.
-----------------------------------------------------------------------------------------------------------------------------------------------------------------------------------------------------------------------------------------------------------------------------------------------------------------------------
SQL State  : 08004
Error Code : 0
Message    : The authentication type 10 is not supported. Check that you have configured the pg_hba.conf file to include the client's IP address or subnet, and that it is using an authentication scheme supported by the driver.

	at org.springframework.beans.factory.support.AbstractAutowireCapableBeanFactory.initializeBean(AbstractAutowireCapableBeanFactory.java:1799)
	at org.springframework.beans.factory.support.AbstractAutowireCapableBeanFactory.doCreateBean(AbstractAutowireCapableBeanFactory.java:594)
	at org.springframework.beans.factory.support.AbstractAutowireCapableBeanFactory.createBean(AbstractAutowireCapableBeanFactory.java:516)
	at org.springframework.beans.factory.support.AbstractBeanFactory.lambda$doGetBean$0(AbstractBeanFactory.java:324)
	at org.springframework.beans.factory.support.DefaultSingletonBeanRegistry.getSingleton(DefaultSingletonBeanRegistry.java:234)
	at org.springframework.beans.factory.support.AbstractBeanFactory.doGetBean(AbstractBeanFactory.java:322)
	at org.springframework.beans.factory.support.AbstractBeanFactory.getBean(AbstractBeanFactory.java:202)
	at org.springframework.beans.factory.support.AbstractBeanFactory.doGetBean(AbstractBeanFactory.java:311)
	at org.springframework.beans.factory.support.AbstractBeanFactory.getBean(AbstractBeanFactory.java:202)
	at org.springframework.beans.factory.config.DependencyDescriptor.resolveCandidate(DependencyDescriptor.java:276)
	at org.springframework.beans.factory.support.DefaultListableBeanFactory.doResolveDependency(DefaultListableBeanFactory.java:1307)
	at org.springframework.beans.factory.support.DefaultListableBeanFactory.resolveDependency(DefaultListableBeanFactory.java:1227)
	at org.springframework.beans.factory.support.ConstructorResolver.resolveAutowiredArgument(ConstructorResolver.java:886)
	at org.springframework.beans.factory.support.ConstructorResolver.createArgumentArray(ConstructorResolver.java:790)
	... 27 common frames omitted
Caused by: org.flywaydb.core.internal.exception.FlywaySqlException: 
Unable to obtain connection from database (jdbc:postgresql://postgres:5432/egovdb) for user 'postgres': The authentication type 10 is not supported. Check that you have configured the pg_hba.conf file to include the client's IP address or subnet, and that it is using an authentication scheme supported by the driver.
-----------------------------------------------------------------------------------------------------------------------------------------------------------------------------------------------------------------------------------------------------------------------------------------------------------------------------
SQL State  : 08004
Error Code : 0
Message    : The authentication type 10 is not supported. Check that you have configured the pg_hba.conf file to include the client's IP address or subnet, and that it is using an authentication scheme supported by the driver.

	at org.flywaydb.core.internal.jdbc.JdbcUtils.openConnection(JdbcUtils.java:65)
	at org.flywaydb.core.internal.jdbc.JdbcConnectionFactory.<init>(JdbcConnectionFactory.java:80)
	at org.flywaydb.core.Flyway.execute(Flyway.java:456)
	at org.flywaydb.core.Flyway.migrate(Flyway.java:159)
	at org.springframework.boot.autoconfigure.flyway.FlywayMigrationInitializer.afterPropertiesSet(FlywayMigrationInitializer.java:65)
	at org.springframework.beans.factory.support.AbstractAutowireCapableBeanFactory.invokeInitMethods(AbstractAutowireCapableBeanFactory.java:1858)
	at org.springframework.beans.factory.support.AbstractAutowireCapableBeanFactory.initializeBean(AbstractAutowireCapableBeanFactory.java:1795)
	... 40 common frames omitted
Caused by: org.postgresql.util.PSQLException: The authentication type 10 is not supported. Check that you have configured the pg_hba.conf file to include the client's IP address or subnet, and that it is using an authentication scheme supported by the driver.
	at org.postgresql.core.v3.ConnectionFactoryImpl.doAuthentication(ConnectionFactoryImpl.java:634)
	at org.postgresql.core.v3.ConnectionFactoryImpl.openConnectionImpl(ConnectionFactoryImpl.java:217)
	at org.postgresql.core.ConnectionFactory.openConnection(ConnectionFactory.java:52)
	at org.postgresql.jdbc.PgConnection.<init>(PgConnection.java:216)
	at org.postgresql.Driver.makeConnection(Driver.java:404)
	at org.postgresql.Driver.connect(Driver.java:272)
	at org.flywaydb.core.internal.jdbc.DriverDataSource.getConnectionFromDriver(DriverDataSource.java:476)
	at org.flywaydb.core.internal.jdbc.DriverDataSource.getConnection(DriverDataSource.java:442)
	at org.flywaydb.core.internal.jdbc.JdbcUtils.openConnection(JdbcUtils.java:56)
	... 46 common frames omitted


  .   ____          _            __ _ _
 /\\ / ___'_ __ _ _(_)_ __  __ _ \ \ \ \
( ( )\___ | '_ | '_| | '_ \/ _` | \ \ \ \
 \\/  ___)| |_)| | | | | || (_| |  ) ) ) )
  '  |____| .__|_| |_|_| |_\__, | / / / /
 =========|_|==============|___/=/_/_/_/
 :: Spring Boot ::       (v2.2.13.RELEASE)

2026-04-08 12:12:46.228+0000  INFO --- [      main] o.e.b.BoundaryApplication                --  : Starting BoundaryApplication v1.1.5-SNAPSHOT on 46e7df0e4a80 with PID 1 (/app/app.jar started by root in /app) 
2026-04-08 12:12:46.235+0000  INFO --- [      main] o.e.b.BoundaryApplication                --  : No active profile set, falling back to default profiles: default 
2026-04-08 12:12:48.265+0000  INFO --- [      main] o.s.b.w.e.t.TomcatWebServer              --  : Tomcat initialized with port(s): 8082 (http) 
2026-04-08 12:12:48.278+0000  INFO --- [      main] o.a.c.core.StandardService               --  : Starting service [Tomcat] 
2026-04-08 12:12:48.278+0000  INFO --- [      main] o.a.c.core.StandardEngine                --  : Starting Servlet engine: [Apache Tomcat/9.0.41] 
2026-04-08 12:12:48.333+0000  INFO --- [      main] o.a.c.c.C.[.[.[/egov-location]           --  : Initializing Spring embedded WebApplicationContext 
2026-04-08 12:12:48.333+0000  INFO --- [      main] w.s.c.ServletWebServerApplicationContext --  : Root WebApplicationContext: initialization completed in 2026 ms 
2026-04-08 12:12:48.372+0000  INFO --- [      main] o.c.s.w.s.ServerTracingAutoConfiguration --  : Creating FilterRegistrationBean bean with TracingFilter mapped to [/*], skip pattern is "/api-docs.*|/autoconfig|/configprops|/dump|/health|/info|/metrics.*|/mappings|/swagger.*|.*.png|.*.css|.*.js|.*.html|/favicon.ico|/hystrix.stream|/prometheus|/manage/*" 
2026-04-08 12:12:48.736+0000  INFO --- [      main] o.f.c.i.license.VersionPrinter           --  : Flyway Community Edition 6.4.4 by Redgate 
2026-04-08 12:12:48.779+0000  WARN --- [      main] ConfigServletWebServerApplicationContext --  : Exception encountered during context initialization - cancelling refresh attempt: org.springframework.beans.factory.UnsatisfiedDependencyException: Error creating bean with name 'boundaryRepository' defined in URL [jar:file:/app/app.jar!/BOOT-INF/classes!/org/egov/boundary/persistence/repository/BoundaryRepository.class]: Unsatisfied dependency expressed through constructor parameter 0; nested exception is org.springframework.beans.factory.BeanCreationException: Error creating bean with name 'flywayInitializer' defined in class path resource [org/springframework/boot/autoconfigure/flyway/FlywayAutoConfiguration$FlywayConfiguration.class]: Invocation of init method failed; nested exception is org.flywaydb.core.internal.exception.FlywaySqlException: 
Unable to obtain connection from database (jdbc:postgresql://postgres:5432/egovdb) for user 'postgres': The authentication type 10 is not supported. Check that you have configured the pg_hba.conf file to include the client's IP address or subnet, and that it is using an authentication scheme supported by the driver.
-----------------------------------------------------------------------------------------------------------------------------------------------------------------------------------------------------------------------------------------------------------------------------------------------------------------------------
SQL State  : 08004
Error Code : 0
Message    : The authentication type 10 is not supported. Check that you have configured the pg_hba.conf file to include the client's IP address or subnet, and that it is using an authentication scheme supported by the driver.
 
2026-04-08 12:12:48.784+0000  INFO --- [      main] o.a.c.core.StandardService               --  : Stopping service [Tomcat] 
2026-04-08 12:12:48.798+0000  INFO --- [      main] ConditionEvaluationReportLoggingListener --  : 

Error starting ApplicationContext. To display the conditions report re-run your application with 'debug' enabled. 
2026-04-08 12:12:48.802+0000 ERROR --- [      main] o.s.boot.SpringApplication               --  : Application run failed 

org.springframework.beans.factory.UnsatisfiedDependencyException: Error creating bean with name 'boundaryRepository' defined in URL [jar:file:/app/app.jar!/BOOT-INF/classes!/org/egov/boundary/persistence/repository/BoundaryRepository.class]: Unsatisfied dependency expressed through constructor parameter 0; nested exception is org.springframework.beans.factory.BeanCreationException: Error creating bean with name 'flywayInitializer' defined in class path resource [org/springframework/boot/autoconfigure/flyway/FlywayAutoConfiguration$FlywayConfiguration.class]: Invocation of init method failed; nested exception is org.flywaydb.core.internal.exception.FlywaySqlException: 
Unable to obtain connection from database (jdbc:postgresql://postgres:5432/egovdb) for user 'postgres': The authentication type 10 is not supported. Check that you have configured the pg_hba.conf file to include the client's IP address or subnet, and that it is using an authentication scheme supported by the driver.
-----------------------------------------------------------------------------------------------------------------------------------------------------------------------------------------------------------------------------------------------------------------------------------------------------------------------------
SQL State  : 08004
Error Code : 0
Message    : The authentication type 10 is not supported. Check that you have configured the pg_hba.conf file to include the client's IP address or subnet, and that it is using an authentication scheme supported by the driver.

	at org.springframework.beans.factory.support.ConstructorResolver.createArgumentArray(ConstructorResolver.java:799)
	at org.springframework.beans.factory.support.ConstructorResolver.autowireConstructor(ConstructorResolver.java:228)
	at org.springframework.beans.factory.support.AbstractAutowireCapableBeanFactory.autowireConstructor(AbstractAutowireCapableBeanFactory.java:1361)
	at org.springframework.beans.factory.support.AbstractAutowireCapableBeanFactory.createBeanInstance(AbstractAutowireCapableBeanFactory.java:1208)
	at org.springframework.beans.factory.support.AbstractAutowireCapableBeanFactory.doCreateBean(AbstractAutowireCapableBeanFactory.java:556)
	at org.springframework.beans.factory.support.AbstractAutowireCapableBeanFactory.createBean(AbstractAutowireCapableBeanFactory.java:516)
	at org.springframework.beans.factory.support.AbstractBeanFactory.lambda$doGetBean$0(AbstractBeanFactory.java:324)
	at org.springframework.beans.factory.support.DefaultSingletonBeanRegistry.getSingleton(DefaultSingletonBeanRegistry.java:234)
	at org.springframework.beans.factory.support.AbstractBeanFactory.doGetBean(AbstractBeanFactory.java:322)
	at org.springframework.beans.factory.support.AbstractBeanFactory.getBean(AbstractBeanFactory.java:202)
	at org.springframework.beans.factory.support.DefaultListableBeanFactory.preInstantiateSingletons(DefaultListableBeanFactory.java:897)
	at org.springframework.context.support.AbstractApplicationContext.finishBeanFactoryInitialization(AbstractApplicationContext.java:879)
	at org.springframework.context.support.AbstractApplicationContext.refresh(AbstractApplicationContext.java:551)
	at org.springframework.boot.web.servlet.context.ServletWebServerApplicationContext.refresh(ServletWebServerApplicationContext.java:141)
	at org.springframework.boot.SpringApplication.refresh(SpringApplication.java:747)
	at org.springframework.boot.SpringApplication.refreshContext(SpringApplication.java:405)
	at org.springframework.boot.SpringApplication.run(SpringApplication.java:315)
	at org.springframework.boot.SpringApplication.run(SpringApplication.java:1226)
	at org.springframework.boot.SpringApplication.run(SpringApplication.java:1215)
	at org.egov.boundary.BoundaryApplication.main(BoundaryApplication.java:34)
	at java.base/jdk.internal.reflect.NativeMethodAccessorImpl.invoke0(Native Method)
	at java.base/jdk.internal.reflect.NativeMethodAccessorImpl.invoke(Unknown Source)
	at java.base/jdk.internal.reflect.DelegatingMethodAccessorImpl.invoke(Unknown Source)
	at java.base/java.lang.reflect.Method.invoke(Unknown Source)
	at org.springframework.boot.loader.MainMethodRunner.run(MainMethodRunner.java:48)
	at org.springframework.boot.loader.Launcher.launch(Launcher.java:87)
	at org.springframework.boot.loader.Launcher.launch(Launcher.java:51)
	at org.springframework.boot.loader.JarLauncher.main(JarLauncher.java:52)
Caused by: org.springframework.beans.factory.BeanCreationException: Error creating bean with name 'flywayInitializer' defined in class path resource [org/springframework/boot/autoconfigure/flyway/FlywayAutoConfiguration$FlywayConfiguration.class]: Invocation of init method failed; nested exception is org.flywaydb.core.internal.exception.FlywaySqlException: 
Unable to obtain connection from database (jdbc:postgresql://postgres:5432/egovdb) for user 'postgres': The authentication type 10 is not supported. Check that you have configured the pg_hba.conf file to include the client's IP address or subnet, and that it is using an authentication scheme supported by the driver.
-----------------------------------------------------------------------------------------------------------------------------------------------------------------------------------------------------------------------------------------------------------------------------------------------------------------------------
SQL State  : 08004
Error Code : 0
Message    : The authentication type 10 is not supported. Check that you have configured the pg_hba.conf file to include the client's IP address or subnet, and that it is using an authentication scheme supported by the driver.

	at org.springframework.beans.factory.support.AbstractAutowireCapableBeanFactory.initializeBean(AbstractAutowireCapableBeanFactory.java:1799)
	at org.springframework.beans.factory.support.AbstractAutowireCapableBeanFactory.doCreateBean(AbstractAutowireCapableBeanFactory.java:594)
	at org.springframework.beans.factory.support.AbstractAutowireCapableBeanFactory.createBean(AbstractAutowireCapableBeanFactory.java:516)
	at org.springframework.beans.factory.support.AbstractBeanFactory.lambda$doGetBean$0(AbstractBeanFactory.java:324)
	at org.springframework.beans.factory.support.DefaultSingletonBeanRegistry.getSingleton(DefaultSingletonBeanRegistry.java:234)
	at org.springframework.beans.factory.support.AbstractBeanFactory.doGetBean(AbstractBeanFactory.java:322)
	at org.springframework.beans.factory.support.AbstractBeanFactory.getBean(AbstractBeanFactory.java:202)
	at org.springframework.beans.factory.support.AbstractBeanFactory.doGetBean(AbstractBeanFactory.java:311)
	at org.springframework.beans.factory.support.AbstractBeanFactory.getBean(AbstractBeanFactory.java:202)
	at org.springframework.beans.factory.config.DependencyDescriptor.resolveCandidate(DependencyDescriptor.java:276)
	at org.springframework.beans.factory.support.DefaultListableBeanFactory.doResolveDependency(DefaultListableBeanFactory.java:1307)
	at org.springframework.beans.factory.support.DefaultListableBeanFactory.resolveDependency(DefaultListableBeanFactory.java:1227)
	at org.springframework.beans.factory.support.ConstructorResolver.resolveAutowiredArgument(ConstructorResolver.java:886)
	at org.springframework.beans.factory.support.ConstructorResolver.createArgumentArray(ConstructorResolver.java:790)
	... 27 common frames omitted
Caused by: org.flywaydb.core.internal.exception.FlywaySqlException: 
Unable to obtain connection from database (jdbc:postgresql://postgres:5432/egovdb) for user 'postgres': The authentication type 10 is not supported. Check that you have configured the pg_hba.conf file to include the client's IP address or subnet, and that it is using an authentication scheme supported by the driver.
-----------------------------------------------------------------------------------------------------------------------------------------------------------------------------------------------------------------------------------------------------------------------------------------------------------------------------
SQL State  : 08004
Error Code : 0
Message    : The authentication type 10 is not supported. Check that you have configured the pg_hba.conf file to include the client's IP address or subnet, and that it is using an authentication scheme supported by the driver.

	at org.flywaydb.core.internal.jdbc.JdbcUtils.openConnection(JdbcUtils.java:65)
	at org.flywaydb.core.internal.jdbc.JdbcConnectionFactory.<init>(JdbcConnectionFactory.java:80)
	at org.flywaydb.core.Flyway.execute(Flyway.java:456)
	at org.flywaydb.core.Flyway.migrate(Flyway.java:159)
	at org.springframework.boot.autoconfigure.flyway.FlywayMigrationInitializer.afterPropertiesSet(FlywayMigrationInitializer.java:65)
	at org.springframework.beans.factory.support.AbstractAutowireCapableBeanFactory.invokeInitMethods(AbstractAutowireCapableBeanFactory.java:1858)
	at org.springframework.beans.factory.support.AbstractAutowireCapableBeanFactory.initializeBean(AbstractAutowireCapableBeanFactory.java:1795)
	... 40 common frames omitted
Caused by: org.postgresql.util.PSQLException: The authentication type 10 is not supported. Check that you have configured the pg_hba.conf file to include the client's IP address or subnet, and that it is using an authentication scheme supported by the driver.
	at org.postgresql.core.v3.ConnectionFactoryImpl.doAuthentication(ConnectionFactoryImpl.java:634)
	at org.postgresql.core.v3.ConnectionFactoryImpl.openConnectionImpl(ConnectionFactoryImpl.java:217)
	at org.postgresql.core.ConnectionFactory.openConnection(ConnectionFactory.java:52)
	at org.postgresql.jdbc.PgConnection.<init>(PgConnection.java:216)
	at org.postgresql.Driver.makeConnection(Driver.java:404)
	at org.postgresql.Driver.connect(Driver.java:272)
	at org.flywaydb.core.internal.jdbc.DriverDataSource.getConnectionFromDriver(DriverDataSource.java:476)
	at org.flywaydb.core.internal.jdbc.DriverDataSource.getConnection(DriverDataSource.java:442)
	at org.flywaydb.core.internal.jdbc.JdbcUtils.openConnection(JdbcUtils.java:56)
	... 46 common frames omitted


  .   ____          _            __ _ _
 /\\ / ___'_ __ _ _(_)_ __  __ _ \ \ \ \
( ( )\___ | '_ | '_| | '_ \/ _` | \ \ \ \
 \\/  ___)| |_)| | | | | || (_| |  ) ) ) )
  '  |____| .__|_| |_|_| |_\__, | / / / /
 =========|_|==============|___/=/_/_/_/
 :: Spring Boot ::       (v2.2.13.RELEASE)

2026-04-08 12:12:51.832+0000  INFO --- [      main] o.e.b.BoundaryApplication                --  : Starting BoundaryApplication v1.1.5-SNAPSHOT on 46e7df0e4a80 with PID 1 (/app/app.jar started by root in /app) 
2026-04-08 12:12:51.846+0000  INFO --- [      main] o.e.b.BoundaryApplication                --  : No active profile set, falling back to default profiles: default 
2026-04-08 12:12:53.900+0000  INFO --- [      main] o.s.b.w.e.t.TomcatWebServer              --  : Tomcat initialized with port(s): 8082 (http) 
2026-04-08 12:12:53.912+0000  INFO --- [      main] o.a.c.core.StandardService               --  : Starting service [Tomcat] 
2026-04-08 12:12:53.912+0000  INFO --- [      main] o.a.c.core.StandardEngine                --  : Starting Servlet engine: [Apache Tomcat/9.0.41] 
2026-04-08 12:12:53.967+0000  INFO --- [      main] o.a.c.c.C.[.[.[/egov-location]           --  : Initializing Spring embedded WebApplicationContext 
2026-04-08 12:12:53.967+0000  INFO --- [      main] w.s.c.ServletWebServerApplicationContext --  : Root WebApplicationContext: initialization completed in 2044 ms 
2026-04-08 12:12:54.010+0000  INFO --- [      main] o.c.s.w.s.ServerTracingAutoConfiguration --  : Creating FilterRegistrationBean bean with TracingFilter mapped to [/*], skip pattern is "/api-docs.*|/autoconfig|/configprops|/dump|/health|/info|/metrics.*|/mappings|/swagger.*|.*.png|.*.css|.*.js|.*.html|/favicon.ico|/hystrix.stream|/prometheus|/manage/*" 
2026-04-08 12:12:54.491+0000  INFO --- [      main] o.f.c.i.license.VersionPrinter           --  : Flyway Community Edition 6.4.4 by Redgate 
2026-04-08 12:12:54.600+0000  WARN --- [      main] ConfigServletWebServerApplicationContext --  : Exception encountered during context initialization - cancelling refresh attempt: org.springframework.beans.factory.UnsatisfiedDependencyException: Error creating bean with name 'boundaryRepository' defined in URL [jar:file:/app/app.jar!/BOOT-INF/classes!/org/egov/boundary/persistence/repository/BoundaryRepository.class]: Unsatisfied dependency expressed through constructor parameter 0; nested exception is org.springframework.beans.factory.BeanCreationException: Error creating bean with name 'flywayInitializer' defined in class path resource [org/springframework/boot/autoconfigure/flyway/FlywayAutoConfiguration$FlywayConfiguration.class]: Invocation of init method failed; nested exception is org.flywaydb.core.internal.exception.FlywaySqlException: 
Unable to obtain connection from database (jdbc:postgresql://postgres:5432/egovdb) for user 'postgres': The authentication type 10 is not supported. Check that you have configured the pg_hba.conf file to include the client's IP address or subnet, and that it is using an authentication scheme supported by the driver.
-----------------------------------------------------------------------------------------------------------------------------------------------------------------------------------------------------------------------------------------------------------------------------------------------------------------------------
SQL State  : 08004
Error Code : 0
Message    : The authentication type 10 is not supported. Check that you have configured the pg_hba.conf file to include the client's IP address or subnet, and that it is using an authentication scheme supported by the driver.
 
2026-04-08 12:12:54.607+0000  INFO --- [      main] o.a.c.core.StandardService               --  : Stopping service [Tomcat] 
2026-04-08 12:12:54.633+0000  INFO --- [      main] ConditionEvaluationReportLoggingListener --  : 

Error starting ApplicationContext. To display the conditions report re-run your application with 'debug' enabled. 
2026-04-08 12:12:54.639+0000 ERROR --- [      main] o.s.boot.SpringApplication               --  : Application run failed 

org.springframework.beans.factory.UnsatisfiedDependencyException: Error creating bean with name 'boundaryRepository' defined in URL [jar:file:/app/app.jar!/BOOT-INF/classes!/org/egov/boundary/persistence/repository/BoundaryRepository.class]: Unsatisfied dependency expressed through constructor parameter 0; nested exception is org.springframework.beans.factory.BeanCreationException: Error creating bean with name 'flywayInitializer' defined in class path resource [org/springframework/boot/autoconfigure/flyway/FlywayAutoConfiguration$FlywayConfiguration.class]: Invocation of init method failed; nested exception is org.flywaydb.core.internal.exception.FlywaySqlException: 
Unable to obtain connection from database (jdbc:postgresql://postgres:5432/egovdb) for user 'postgres': The authentication type 10 is not supported. Check that you have configured the pg_hba.conf file to include the client's IP address or subnet, and that it is using an authentication scheme supported by the driver.
-----------------------------------------------------------------------------------------------------------------------------------------------------------------------------------------------------------------------------------------------------------------------------------------------------------------------------
SQL State  : 08004
Error Code : 0
Message    : The authentication type 10 is not supported. Check that you have configured the pg_hba.conf file to include the client's IP address or subnet, and that it is using an authentication scheme supported by the driver.

	at org.springframework.beans.factory.support.ConstructorResolver.createArgumentArray(ConstructorResolver.java:799)
	at org.springframework.beans.factory.support.ConstructorResolver.autowireConstructor(ConstructorResolver.java:228)
	at org.springframework.beans.factory.support.AbstractAutowireCapableBeanFactory.autowireConstructor(AbstractAutowireCapableBeanFactory.java:1361)
	at org.springframework.beans.factory.support.AbstractAutowireCapableBeanFactory.createBeanInstance(AbstractAutowireCapableBeanFactory.java:1208)
	at org.springframework.beans.factory.support.AbstractAutowireCapableBeanFactory.doCreateBean(AbstractAutowireCapableBeanFactory.java:556)
	at org.springframework.beans.factory.support.AbstractAutowireCapableBeanFactory.createBean(AbstractAutowireCapableBeanFactory.java:516)
	at org.springframework.beans.factory.support.AbstractBeanFactory.lambda$doGetBean$0(AbstractBeanFactory.java:324)
	at org.springframework.beans.factory.support.DefaultSingletonBeanRegistry.getSingleton(DefaultSingletonBeanRegistry.java:234)
	at org.springframework.beans.factory.support.AbstractBeanFactory.doGetBean(AbstractBeanFactory.java:322)
	at org.springframework.beans.factory.support.AbstractBeanFactory.getBean(AbstractBeanFactory.java:202)
	at org.springframework.beans.factory.support.DefaultListableBeanFactory.preInstantiateSingletons(DefaultListableBeanFactory.java:897)
	at org.springframework.context.support.AbstractApplicationContext.finishBeanFactoryInitialization(AbstractApplicationContext.java:879)
	at org.springframework.context.support.AbstractApplicationContext.refresh(AbstractApplicationContext.java:551)
	at org.springframework.boot.web.servlet.context.ServletWebServerApplicationContext.refresh(ServletWebServerApplicationContext.java:141)
	at org.springframework.boot.SpringApplication.refresh(SpringApplication.java:747)
	at org.springframework.boot.SpringApplication.refreshContext(SpringApplication.java:405)
	at org.springframework.boot.SpringApplication.run(SpringApplication.java:315)
	at org.springframework.boot.SpringApplication.run(SpringApplication.java:1226)
	at org.springframework.boot.SpringApplication.run(SpringApplication.java:1215)
	at org.egov.boundary.BoundaryApplication.main(BoundaryApplication.java:34)
	at java.base/jdk.internal.reflect.NativeMethodAccessorImpl.invoke0(Native Method)
	at java.base/jdk.internal.reflect.NativeMethodAccessorImpl.invoke(Unknown Source)
	at java.base/jdk.internal.reflect.DelegatingMethodAccessorImpl.invoke(Unknown Source)
	at java.base/java.lang.reflect.Method.invoke(Unknown Source)
	at org.springframework.boot.loader.MainMethodRunner.run(MainMethodRunner.java:48)
	at org.springframework.boot.loader.Launcher.launch(Launcher.java:87)
	at org.springframework.boot.loader.Launcher.launch(Launcher.java:51)
	at org.springframework.boot.loader.JarLauncher.main(JarLauncher.java:52)
Caused by: org.springframework.beans.factory.BeanCreationException: Error creating bean with name 'flywayInitializer' defined in class path resource [org/springframework/boot/autoconfigure/flyway/FlywayAutoConfiguration$FlywayConfiguration.class]: Invocation of init method failed; nested exception is org.flywaydb.core.internal.exception.FlywaySqlException: 
Unable to obtain connection from database (jdbc:postgresql://postgres:5432/egovdb) for user 'postgres': The authentication type 10 is not supported. Check that you have configured the pg_hba.conf file to include the client's IP address or subnet, and that it is using an authentication scheme supported by the driver.
-----------------------------------------------------------------------------------------------------------------------------------------------------------------------------------------------------------------------------------------------------------------------------------------------------------------------------
SQL State  : 08004
Error Code : 0
Message    : The authentication type 10 is not supported. Check that you have configured the pg_hba.conf file to include the client's IP address or subnet, and that it is using an authentication scheme supported by the driver.

	at org.springframework.beans.factory.support.AbstractAutowireCapableBeanFactory.initializeBean(AbstractAutowireCapableBeanFactory.java:1799)
	at org.springframework.beans.factory.support.AbstractAutowireCapableBeanFactory.doCreateBean(AbstractAutowireCapableBeanFactory.java:594)
	at org.springframework.beans.factory.support.AbstractAutowireCapableBeanFactory.createBean(AbstractAutowireCapableBeanFactory.java:516)
	at org.springframework.beans.factory.support.AbstractBeanFactory.lambda$doGetBean$0(AbstractBeanFactory.java:324)
	at org.springframework.beans.factory.support.DefaultSingletonBeanRegistry.getSingleton(DefaultSingletonBeanRegistry.java:234)
	at org.springframework.beans.factory.support.AbstractBeanFactory.doGetBean(AbstractBeanFactory.java:322)
	at org.springframework.beans.factory.support.AbstractBeanFactory.getBean(AbstractBeanFactory.java:202)
	at org.springframework.beans.factory.support.AbstractBeanFactory.doGetBean(AbstractBeanFactory.java:311)
	at org.springframework.beans.factory.support.AbstractBeanFactory.getBean(AbstractBeanFactory.java:202)
	at org.springframework.beans.factory.config.DependencyDescriptor.resolveCandidate(DependencyDescriptor.java:276)
	at org.springframework.beans.factory.support.DefaultListableBeanFactory.doResolveDependency(DefaultListableBeanFactory.java:1307)
	at org.springframework.beans.factory.support.DefaultListableBeanFactory.resolveDependency(DefaultListableBeanFactory.java:1227)
	at org.springframework.beans.factory.support.ConstructorResolver.resolveAutowiredArgument(ConstructorResolver.java:886)
	at org.springframework.beans.factory.support.ConstructorResolver.createArgumentArray(ConstructorResolver.java:790)
	... 27 common frames omitted
Caused by: org.flywaydb.core.internal.exception.FlywaySqlException: 
Unable to obtain connection from database (jdbc:postgresql://postgres:5432/egovdb) for user 'postgres': The authentication type 10 is not supported. Check that you have configured the pg_hba.conf file to include the client's IP address or subnet, and that it is using an authentication scheme supported by the driver.
-----------------------------------------------------------------------------------------------------------------------------------------------------------------------------------------------------------------------------------------------------------------------------------------------------------------------------
SQL State  : 08004
Error Code : 0
Message    : The authentication type 10 is not supported. Check that you have configured the pg_hba.conf file to include the client's IP address or subnet, and that it is using an authentication scheme supported by the driver.

	at org.flywaydb.core.internal.jdbc.JdbcUtils.openConnection(JdbcUtils.java:65)
	at org.flywaydb.core.internal.jdbc.JdbcConnectionFactory.<init>(JdbcConnectionFactory.java:80)
	at org.flywaydb.core.Flyway.execute(Flyway.java:456)
	at org.flywaydb.core.Flyway.migrate(Flyway.java:159)
	at org.springframework.boot.autoconfigure.flyway.FlywayMigrationInitializer.afterPropertiesSet(FlywayMigrationInitializer.java:65)
	at org.springframework.beans.factory.support.AbstractAutowireCapableBeanFactory.invokeInitMethods(AbstractAutowireCapableBeanFactory.java:1858)
	at org.springframework.beans.factory.support.AbstractAutowireCapableBeanFactory.initializeBean(AbstractAutowireCapableBeanFactory.java:1795)
	... 40 common frames omitted
Caused by: org.postgresql.util.PSQLException: The authentication type 10 is not supported. Check that you have configured the pg_hba.conf file to include the client's IP address or subnet, and that it is using an authentication scheme supported by the driver.
	at org.postgresql.core.v3.ConnectionFactoryImpl.doAuthentication(ConnectionFactoryImpl.java:634)
	at org.postgresql.core.v3.ConnectionFactoryImpl.openConnectionImpl(ConnectionFactoryImpl.java:217)
	at org.postgresql.core.ConnectionFactory.openConnection(ConnectionFactory.java:52)
	at org.postgresql.jdbc.PgConnection.<init>(PgConnection.java:216)
	at org.postgresql.Driver.makeConnection(Driver.java:404)
	at org.postgresql.Driver.connect(Driver.java:272)
	at org.flywaydb.core.internal.jdbc.DriverDataSource.getConnectionFromDriver(DriverDataSource.java:476)
	at org.flywaydb.core.internal.jdbc.DriverDataSource.getConnection(DriverDataSource.java:442)
	at org.flywaydb.core.internal.jdbc.JdbcUtils.openConnection(JdbcUtils.java:56)
	... 46 common frames omitted


  .   ____          _            __ _ _
 /\\ / ___'_ __ _ _(_)_ __  __ _ \ \ \ \
( ( )\___ | '_ | '_| | '_ \/ _` | \ \ \ \
 \\/  ___)| |_)| | | | | || (_| |  ) ) ) )
  '  |____| .__|_| |_|_| |_\__, | / / / /
 =========|_|==============|___/=/_/_/_/
 :: Spring Boot ::       (v2.2.13.RELEASE)

2026-04-08 12:12:59.459+0000  INFO --- [      main] o.e.b.BoundaryApplication                --  : Starting BoundaryApplication v1.1.5-SNAPSHOT on 46e7df0e4a80 with PID 1 (/app/app.jar started by root in /app) 
2026-04-08 12:12:59.461+0000  INFO --- [      main] o.e.b.BoundaryApplication                --  : No active profile set, falling back to default profiles: default 
2026-04-08 12:13:01.465+0000  INFO --- [      main] o.s.b.w.e.t.TomcatWebServer              --  : Tomcat initialized with port(s): 8082 (http) 
2026-04-08 12:13:01.482+0000  INFO --- [      main] o.a.c.core.StandardService               --  : Starting service [Tomcat] 
2026-04-08 12:13:01.482+0000  INFO --- [      main] o.a.c.core.StandardEngine                --  : Starting Servlet engine: [Apache Tomcat/9.0.41] 
2026-04-08 12:13:01.570+0000  INFO --- [      main] o.a.c.c.C.[.[.[/egov-location]           --  : Initializing Spring embedded WebApplicationContext 
2026-04-08 12:13:01.570+0000  INFO --- [      main] w.s.c.ServletWebServerApplicationContext --  : Root WebApplicationContext: initialization completed in 2051 ms 
2026-04-08 12:13:01.612+0000  INFO --- [      main] o.c.s.w.s.ServerTracingAutoConfiguration --  : Creating FilterRegistrationBean bean with TracingFilter mapped to [/*], skip pattern is "/api-docs.*|/autoconfig|/configprops|/dump|/health|/info|/metrics.*|/mappings|/swagger.*|.*.png|.*.css|.*.js|.*.html|/favicon.ico|/hystrix.stream|/prometheus|/manage/*" 
2026-04-08 12:13:01.981+0000  INFO --- [      main] o.f.c.i.license.VersionPrinter           --  : Flyway Community Edition 6.4.4 by Redgate 
2026-04-08 12:13:02.045+0000  WARN --- [      main] ConfigServletWebServerApplicationContext --  : Exception encountered during context initialization - cancelling refresh attempt: org.springframework.beans.factory.UnsatisfiedDependencyException: Error creating bean with name 'boundaryRepository' defined in URL [jar:file:/app/app.jar!/BOOT-INF/classes!/org/egov/boundary/persistence/repository/BoundaryRepository.class]: Unsatisfied dependency expressed through constructor parameter 0; nested exception is org.springframework.beans.factory.BeanCreationException: Error creating bean with name 'flywayInitializer' defined in class path resource [org/springframework/boot/autoconfigure/flyway/FlywayAutoConfiguration$FlywayConfiguration.class]: Invocation of init method failed; nested exception is org.flywaydb.core.internal.exception.FlywaySqlException: 
Unable to obtain connection from database (jdbc:postgresql://postgres:5432/egovdb) for user 'postgres': The authentication type 10 is not supported. Check that you have configured the pg_hba.conf file to include the client's IP address or subnet, and that it is using an authentication scheme supported by the driver.
-----------------------------------------------------------------------------------------------------------------------------------------------------------------------------------------------------------------------------------------------------------------------------------------------------------------------------
SQL State  : 08004
Error Code : 0
Message    : The authentication type 10 is not supported. Check that you have configured the pg_hba.conf file to include the client's IP address or subnet, and that it is using an authentication scheme supported by the driver.
 
2026-04-08 12:13:02.050+0000  INFO --- [      main] o.a.c.core.StandardService               --  : Stopping service [Tomcat] 
2026-04-08 12:13:02.065+0000  INFO --- [      main] ConditionEvaluationReportLoggingListener --  : 

Error starting ApplicationContext. To display the conditions report re-run your application with 'debug' enabled. 
2026-04-08 12:13:02.069+0000 ERROR --- [      main] o.s.boot.SpringApplication               --  : Application run failed 

org.springframework.beans.factory.UnsatisfiedDependencyException: Error creating bean with name 'boundaryRepository' defined in URL [jar:file:/app/app.jar!/BOOT-INF/classes!/org/egov/boundary/persistence/repository/BoundaryRepository.class]: Unsatisfied dependency expressed through constructor parameter 0; nested exception is org.springframework.beans.factory.BeanCreationException: Error creating bean with name 'flywayInitializer' defined in class path resource [org/springframework/boot/autoconfigure/flyway/FlywayAutoConfiguration$FlywayConfiguration.class]: Invocation of init method failed; nested exception is org.flywaydb.core.internal.exception.FlywaySqlException: 
Unable to obtain connection from database (jdbc:postgresql://postgres:5432/egovdb) for user 'postgres': The authentication type 10 is not supported. Check that you have configured the pg_hba.conf file to include the client's IP address or subnet, and that it is using an authentication scheme supported by the driver.
-----------------------------------------------------------------------------------------------------------------------------------------------------------------------------------------------------------------------------------------------------------------------------------------------------------------------------
SQL State  : 08004
Error Code : 0
Message    : The authentication type 10 is not supported. Check that you have configured the pg_hba.conf file to include the client's IP address or subnet, and that it is using an authentication scheme supported by the driver.

	at org.springframework.beans.factory.support.ConstructorResolver.createArgumentArray(ConstructorResolver.java:799)
	at org.springframework.beans.factory.support.ConstructorResolver.autowireConstructor(ConstructorResolver.java:228)
	at org.springframework.beans.factory.support.AbstractAutowireCapableBeanFactory.autowireConstructor(AbstractAutowireCapableBeanFactory.java:1361)
	at org.springframework.beans.factory.support.AbstractAutowireCapableBeanFactory.createBeanInstance(AbstractAutowireCapableBeanFactory.java:1208)
	at org.springframework.beans.factory.support.AbstractAutowireCapableBeanFactory.doCreateBean(AbstractAutowireCapableBeanFactory.java:556)
	at org.springframework.beans.factory.support.AbstractAutowireCapableBeanFactory.createBean(AbstractAutowireCapableBeanFactory.java:516)
	at org.springframework.beans.factory.support.AbstractBeanFactory.lambda$doGetBean$0(AbstractBeanFactory.java:324)
	at org.springframework.beans.factory.support.DefaultSingletonBeanRegistry.getSingleton(DefaultSingletonBeanRegistry.java:234)
	at org.springframework.beans.factory.support.AbstractBeanFactory.doGetBean(AbstractBeanFactory.java:322)
	at org.springframework.beans.factory.support.AbstractBeanFactory.getBean(AbstractBeanFactory.java:202)
	at org.springframework.beans.factory.support.DefaultListableBeanFactory.preInstantiateSingletons(DefaultListableBeanFactory.java:897)
	at org.springframework.context.support.AbstractApplicationContext.finishBeanFactoryInitialization(AbstractApplicationContext.java:879)
	at org.springframework.context.support.AbstractApplicationContext.refresh(AbstractApplicationContext.java:551)
	at org.springframework.boot.web.servlet.context.ServletWebServerApplicationContext.refresh(ServletWebServerApplicationContext.java:141)
	at org.springframework.boot.SpringApplication.refresh(SpringApplication.java:747)
	at org.springframework.boot.SpringApplication.refreshContext(SpringApplication.java:405)
	at org.springframework.boot.SpringApplication.run(SpringApplication.java:315)
	at org.springframework.boot.SpringApplication.run(SpringApplication.java:1226)
	at org.springframework.boot.SpringApplication.run(SpringApplication.java:1215)
	at org.egov.boundary.BoundaryApplication.main(BoundaryApplication.java:34)
	at java.base/jdk.internal.reflect.NativeMethodAccessorImpl.invoke0(Native Method)
	at java.base/jdk.internal.reflect.NativeMethodAccessorImpl.invoke(Unknown Source)
	at java.base/jdk.internal.reflect.DelegatingMethodAccessorImpl.invoke(Unknown Source)
	at java.base/java.lang.reflect.Method.invoke(Unknown Source)
	at org.springframework.boot.loader.MainMethodRunner.run(MainMethodRunner.java:48)
	at org.springframework.boot.loader.Launcher.launch(Launcher.java:87)
	at org.springframework.boot.loader.Launcher.launch(Launcher.java:51)
	at org.springframework.boot.loader.JarLauncher.main(JarLauncher.java:52)
Caused by: org.springframework.beans.factory.BeanCreationException: Error creating bean with name 'flywayInitializer' defined in class path resource [org/springframework/boot/autoconfigure/flyway/FlywayAutoConfiguration$FlywayConfiguration.class]: Invocation of init method failed; nested exception is org.flywaydb.core.internal.exception.FlywaySqlException: 
Unable to obtain connection from database (jdbc:postgresql://postgres:5432/egovdb) for user 'postgres': The authentication type 10 is not supported. Check that you have configured the pg_hba.conf file to include the client's IP address or subnet, and that it is using an authentication scheme supported by the driver.
-----------------------------------------------------------------------------------------------------------------------------------------------------------------------------------------------------------------------------------------------------------------------------------------------------------------------------
SQL State  : 08004
Error Code : 0
Message    : The authentication type 10 is not supported. Check that you have configured the pg_hba.conf file to include the client's IP address or subnet, and that it is using an authentication scheme supported by the driver.

	at org.springframework.beans.factory.support.AbstractAutowireCapableBeanFactory.initializeBean(AbstractAutowireCapableBeanFactory.java:1799)
	at org.springframework.beans.factory.support.AbstractAutowireCapableBeanFactory.doCreateBean(AbstractAutowireCapableBeanFactory.java:594)
	at org.springframework.beans.factory.support.AbstractAutowireCapableBeanFactory.createBean(AbstractAutowireCapableBeanFactory.java:516)
	at org.springframework.beans.factory.support.AbstractBeanFactory.lambda$doGetBean$0(AbstractBeanFactory.java:324)
	at org.springframework.beans.factory.support.DefaultSingletonBeanRegistry.getSingleton(DefaultSingletonBeanRegistry.java:234)
	at org.springframework.beans.factory.support.AbstractBeanFactory.doGetBean(AbstractBeanFactory.java:322)
	at org.springframework.beans.factory.support.AbstractBeanFactory.getBean(AbstractBeanFactory.java:202)
	at org.springframework.beans.factory.support.AbstractBeanFactory.doGetBean(AbstractBeanFactory.java:311)
	at org.springframework.beans.factory.support.AbstractBeanFactory.getBean(AbstractBeanFactory.java:202)
	at org.springframework.beans.factory.config.DependencyDescriptor.resolveCandidate(DependencyDescriptor.java:276)
	at org.springframework.beans.factory.support.DefaultListableBeanFactory.doResolveDependency(DefaultListableBeanFactory.java:1307)
	at org.springframework.beans.factory.support.DefaultListableBeanFactory.resolveDependency(DefaultListableBeanFactory.java:1227)
	at org.springframework.beans.factory.support.ConstructorResolver.resolveAutowiredArgument(ConstructorResolver.java:886)
	at org.springframework.beans.factory.support.ConstructorResolver.createArgumentArray(ConstructorResolver.java:790)
	... 27 common frames omitted
Caused by: org.flywaydb.core.internal.exception.FlywaySqlException: 
Unable to obtain connection from database (jdbc:postgresql://postgres:5432/egovdb) for user 'postgres': The authentication type 10 is not supported. Check that you have configured the pg_hba.conf file to include the client's IP address or subnet, and that it is using an authentication scheme supported by the driver.
-----------------------------------------------------------------------------------------------------------------------------------------------------------------------------------------------------------------------------------------------------------------------------------------------------------------------------
SQL State  : 08004
Error Code : 0
Message    : The authentication type 10 is not supported. Check that you have configured the pg_hba.conf file to include the client's IP address or subnet, and that it is using an authentication scheme supported by the driver.

	at org.flywaydb.core.internal.jdbc.JdbcUtils.openConnection(JdbcUtils.java:65)
	at org.flywaydb.core.internal.jdbc.JdbcConnectionFactory.<init>(JdbcConnectionFactory.java:80)
	at org.flywaydb.core.Flyway.execute(Flyway.java:456)
	at org.flywaydb.core.Flyway.migrate(Flyway.java:159)
	at org.springframework.boot.autoconfigure.flyway.FlywayMigrationInitializer.afterPropertiesSet(FlywayMigrationInitializer.java:65)
	at org.springframework.beans.factory.support.AbstractAutowireCapableBeanFactory.invokeInitMethods(AbstractAutowireCapableBeanFactory.java:1858)
	at org.springframework.beans.factory.support.AbstractAutowireCapableBeanFactory.initializeBean(AbstractAutowireCapableBeanFactory.java:1795)
	... 40 common frames omitted
Caused by: org.postgresql.util.PSQLException: The authentication type 10 is not supported. Check that you have configured the pg_hba.conf file to include the client's IP address or subnet, and that it is using an authentication scheme supported by the driver.
	at org.postgresql.core.v3.ConnectionFactoryImpl.doAuthentication(ConnectionFactoryImpl.java:634)
	at org.postgresql.core.v3.ConnectionFactoryImpl.openConnectionImpl(ConnectionFactoryImpl.java:217)
	at org.postgresql.core.ConnectionFactory.openConnection(ConnectionFactory.java:52)
	at org.postgresql.jdbc.PgConnection.<init>(PgConnection.java:216)
	at org.postgresql.Driver.makeConnection(Driver.java:404)
	at org.postgresql.Driver.connect(Driver.java:272)
	at org.flywaydb.core.internal.jdbc.DriverDataSource.getConnectionFromDriver(DriverDataSource.java:476)
	at org.flywaydb.core.internal.jdbc.DriverDataSource.getConnection(DriverDataSource.java:442)
	at org.flywaydb.core.internal.jdbc.JdbcUtils.openConnection(JdbcUtils.java:56)
	... 46 common frames omitted


  .   ____          _            __ _ _
 /\\ / ___'_ __ _ _(_)_ __  __ _ \ \ \ \
( ( )\___ | '_ | '_| | '_ \/ _` | \ \ \ \
 \\/  ___)| |_)| | | | | || (_| |  ) ) ) )
  '  |____| .__|_| |_|_| |_\__, | / / / /
 =========|_|==============|___/=/_/_/_/
 :: Spring Boot ::       (v2.2.13.RELEASE)

2026-04-08 12:13:10.901+0000  INFO --- [      main] o.e.b.BoundaryApplication                --  : Starting BoundaryApplication v1.1.5-SNAPSHOT on 46e7df0e4a80 with PID 1 (/app/app.jar started by root in /app) 
2026-04-08 12:13:10.905+0000  INFO --- [      main] o.e.b.BoundaryApplication                --  : No active profile set, falling back to default profiles: default 
2026-04-08 12:13:13.007+0000  INFO --- [      main] o.s.b.w.e.t.TomcatWebServer              --  : Tomcat initialized with port(s): 8082 (http) 
2026-04-08 12:13:13.022+0000  INFO --- [      main] o.a.c.core.StandardService               --  : Starting service [Tomcat] 
2026-04-08 12:13:13.023+0000  INFO --- [      main] o.a.c.core.StandardEngine                --  : Starting Servlet engine: [Apache Tomcat/9.0.41] 
2026-04-08 12:13:13.094+0000  INFO --- [      main] o.a.c.c.C.[.[.[/egov-location]           --  : Initializing Spring embedded WebApplicationContext 
2026-04-08 12:13:13.094+0000  INFO --- [      main] w.s.c.ServletWebServerApplicationContext --  : Root WebApplicationContext: initialization completed in 2122 ms 
2026-04-08 12:13:13.133+0000  INFO --- [      main] o.c.s.w.s.ServerTracingAutoConfiguration --  : Creating FilterRegistrationBean bean with TracingFilter mapped to [/*], skip pattern is "/api-docs.*|/autoconfig|/configprops|/dump|/health|/info|/metrics.*|/mappings|/swagger.*|.*.png|.*.css|.*.js|.*.html|/favicon.ico|/hystrix.stream|/prometheus|/manage/*" 
2026-04-08 12:13:13.599+0000  INFO --- [      main] o.f.c.i.license.VersionPrinter           --  : Flyway Community Edition 6.4.4 by Redgate 
2026-04-08 12:13:13.662+0000  WARN --- [      main] ConfigServletWebServerApplicationContext --  : Exception encountered during context initialization - cancelling refresh attempt: org.springframework.beans.factory.UnsatisfiedDependencyException: Error creating bean with name 'boundaryRepository' defined in URL [jar:file:/app/app.jar!/BOOT-INF/classes!/org/egov/boundary/persistence/repository/BoundaryRepository.class]: Unsatisfied dependency expressed through constructor parameter 0; nested exception is org.springframework.beans.factory.BeanCreationException: Error creating bean with name 'flywayInitializer' defined in class path resource [org/springframework/boot/autoconfigure/flyway/FlywayAutoConfiguration$FlywayConfiguration.class]: Invocation of init method failed; nested exception is org.flywaydb.core.internal.exception.FlywaySqlException: 
Unable to obtain connection from database (jdbc:postgresql://postgres:5432/egovdb) for user 'postgres': The authentication type 10 is not supported. Check that you have configured the pg_hba.conf file to include the client's IP address or subnet, and that it is using an authentication scheme supported by the driver.
-----------------------------------------------------------------------------------------------------------------------------------------------------------------------------------------------------------------------------------------------------------------------------------------------------------------------------
SQL State  : 08004
Error Code : 0
Message    : The authentication type 10 is not supported. Check that you have configured the pg_hba.conf file to include the client's IP address or subnet, and that it is using an authentication scheme supported by the driver.
 
2026-04-08 12:13:13.666+0000  INFO --- [      main] o.a.c.core.StandardService               --  : Stopping service [Tomcat] 
2026-04-08 12:13:13.680+0000  INFO --- [      main] ConditionEvaluationReportLoggingListener --  : 

Error starting ApplicationContext. To display the conditions report re-run your application with 'debug' enabled. 
2026-04-08 12:13:13.684+0000 ERROR --- [      main] o.s.boot.SpringApplication               --  : Application run failed 

org.springframework.beans.factory.UnsatisfiedDependencyException: Error creating bean with name 'boundaryRepository' defined in URL [jar:file:/app/app.jar!/BOOT-INF/classes!/org/egov/boundary/persistence/repository/BoundaryRepository.class]: Unsatisfied dependency expressed through constructor parameter 0; nested exception is org.springframework.beans.factory.BeanCreationException: Error creating bean with name 'flywayInitializer' defined in class path resource [org/springframework/boot/autoconfigure/flyway/FlywayAutoConfiguration$FlywayConfiguration.class]: Invocation of init method failed; nested exception is org.flywaydb.core.internal.exception.FlywaySqlException: 
Unable to obtain connection from database (jdbc:postgresql://postgres:5432/egovdb) for user 'postgres': The authentication type 10 is not supported. Check that you have configured the pg_hba.conf file to include the client's IP address or subnet, and that it is using an authentication scheme supported by the driver.
-----------------------------------------------------------------------------------------------------------------------------------------------------------------------------------------------------------------------------------------------------------------------------------------------------------------------------
SQL State  : 08004
Error Code : 0
Message    : The authentication type 10 is not supported. Check that you have configured the pg_hba.conf file to include the client's IP address or subnet, and that it is using an authentication scheme supported by the driver.

	at org.springframework.beans.factory.support.ConstructorResolver.createArgumentArray(ConstructorResolver.java:799)
	at org.springframework.beans.factory.support.ConstructorResolver.autowireConstructor(ConstructorResolver.java:228)
	at org.springframework.beans.factory.support.AbstractAutowireCapableBeanFactory.autowireConstructor(AbstractAutowireCapableBeanFactory.java:1361)
	at org.springframework.beans.factory.support.AbstractAutowireCapableBeanFactory.createBeanInstance(AbstractAutowireCapableBeanFactory.java:1208)
	at org.springframework.beans.factory.support.AbstractAutowireCapableBeanFactory.doCreateBean(AbstractAutowireCapableBeanFactory.java:556)
	at org.springframework.beans.factory.support.AbstractAutowireCapableBeanFactory.createBean(AbstractAutowireCapableBeanFactory.java:516)
	at org.springframework.beans.factory.support.AbstractBeanFactory.lambda$doGetBean$0(AbstractBeanFactory.java:324)
	at org.springframework.beans.factory.support.DefaultSingletonBeanRegistry.getSingleton(DefaultSingletonBeanRegistry.java:234)
	at org.springframework.beans.factory.support.AbstractBeanFactory.doGetBean(AbstractBeanFactory.java:322)
	at org.springframework.beans.factory.support.AbstractBeanFactory.getBean(AbstractBeanFactory.java:202)
	at org.springframework.beans.factory.support.DefaultListableBeanFactory.preInstantiateSingletons(DefaultListableBeanFactory.java:897)
	at org.springframework.context.support.AbstractApplicationContext.finishBeanFactoryInitialization(AbstractApplicationContext.java:879)
	at org.springframework.context.support.AbstractApplicationContext.refresh(AbstractApplicationContext.java:551)
	at org.springframework.boot.web.servlet.context.ServletWebServerApplicationContext.refresh(ServletWebServerApplicationContext.java:141)
	at org.springframework.boot.SpringApplication.refresh(SpringApplication.java:747)
	at org.springframework.boot.SpringApplication.refreshContext(SpringApplication.java:405)
	at org.springframework.boot.SpringApplication.run(SpringApplication.java:315)
	at org.springframework.boot.SpringApplication.run(SpringApplication.java:1226)
	at org.springframework.boot.SpringApplication.run(SpringApplication.java:1215)
	at org.egov.boundary.BoundaryApplication.main(BoundaryApplication.java:34)
	at java.base/jdk.internal.reflect.NativeMethodAccessorImpl.invoke0(Native Method)
	at java.base/jdk.internal.reflect.NativeMethodAccessorImpl.invoke(Unknown Source)
	at java.base/jdk.internal.reflect.DelegatingMethodAccessorImpl.invoke(Unknown Source)
	at java.base/java.lang.reflect.Method.invoke(Unknown Source)
	at org.springframework.boot.loader.MainMethodRunner.run(MainMethodRunner.java:48)
	at org.springframework.boot.loader.Launcher.launch(Launcher.java:87)
	at org.springframework.boot.loader.Launcher.launch(Launcher.java:51)
	at org.springframework.boot.loader.JarLauncher.main(JarLauncher.java:52)
Caused by: org.springframework.beans.factory.BeanCreationException: Error creating bean with name 'flywayInitializer' defined in class path resource [org/springframework/boot/autoconfigure/flyway/FlywayAutoConfiguration$FlywayConfiguration.class]: Invocation of init method failed; nested exception is org.flywaydb.core.internal.exception.FlywaySqlException: 
Unable to obtain connection from database (jdbc:postgresql://postgres:5432/egovdb) for user 'postgres': The authentication type 10 is not supported. Check that you have configured the pg_hba.conf file to include the client's IP address or subnet, and that it is using an authentication scheme supported by the driver.
-----------------------------------------------------------------------------------------------------------------------------------------------------------------------------------------------------------------------------------------------------------------------------------------------------------------------------
SQL State  : 08004
Error Code : 0
Message    : The authentication type 10 is not supported. Check that you have configured the pg_hba.conf file to include the client's IP address or subnet, and that it is using an authentication scheme supported by the driver.

	at org.springframework.beans.factory.support.AbstractAutowireCapableBeanFactory.initializeBean(AbstractAutowireCapableBeanFactory.java:1799)
	at org.springframework.beans.factory.support.AbstractAutowireCapableBeanFactory.doCreateBean(AbstractAutowireCapableBeanFactory.java:594)
	at org.springframework.beans.factory.support.AbstractAutowireCapableBeanFactory.createBean(AbstractAutowireCapableBeanFactory.java:516)
	at org.springframework.beans.factory.support.AbstractBeanFactory.lambda$doGetBean$0(AbstractBeanFactory.java:324)
	at org.springframework.beans.factory.support.DefaultSingletonBeanRegistry.getSingleton(DefaultSingletonBeanRegistry.java:234)
	at org.springframework.beans.factory.support.AbstractBeanFactory.doGetBean(AbstractBeanFactory.java:322)
	at org.springframework.beans.factory.support.AbstractBeanFactory.getBean(AbstractBeanFactory.java:202)
	at org.springframework.beans.factory.support.AbstractBeanFactory.doGetBean(AbstractBeanFactory.java:311)
	at org.springframework.beans.factory.support.AbstractBeanFactory.getBean(AbstractBeanFactory.java:202)
	at org.springframework.beans.factory.config.DependencyDescriptor.resolveCandidate(DependencyDescriptor.java:276)
	at org.springframework.beans.factory.support.DefaultListableBeanFactory.doResolveDependency(DefaultListableBeanFactory.java:1307)
	at org.springframework.beans.factory.support.DefaultListableBeanFactory.resolveDependency(DefaultListableBeanFactory.java:1227)
	at org.springframework.beans.factory.support.ConstructorResolver.resolveAutowiredArgument(ConstructorResolver.java:886)
	at org.springframework.beans.factory.support.ConstructorResolver.createArgumentArray(ConstructorResolver.java:790)
	... 27 common frames omitted
Caused by: org.flywaydb.core.internal.exception.FlywaySqlException: 
Unable to obtain connection from database (jdbc:postgresql://postgres:5432/egovdb) for user 'postgres': The authentication type 10 is not supported. Check that you have configured the pg_hba.conf file to include the client's IP address or subnet, and that it is using an authentication scheme supported by the driver.
-----------------------------------------------------------------------------------------------------------------------------------------------------------------------------------------------------------------------------------------------------------------------------------------------------------------------------
SQL State  : 08004
Error Code : 0
Message    : The authentication type 10 is not supported. Check that you have configured the pg_hba.conf file to include the client's IP address or subnet, and that it is using an authentication scheme supported by the driver.

	at org.flywaydb.core.internal.jdbc.JdbcUtils.openConnection(JdbcUtils.java:65)
	at org.flywaydb.core.internal.jdbc.JdbcConnectionFactory.<init>(JdbcConnectionFactory.java:80)
	at org.flywaydb.core.Flyway.execute(Flyway.java:456)
	at org.flywaydb.core.Flyway.migrate(Flyway.java:159)
	at org.springframework.boot.autoconfigure.flyway.FlywayMigrationInitializer.afterPropertiesSet(FlywayMigrationInitializer.java:65)
	at org.springframework.beans.factory.support.AbstractAutowireCapableBeanFactory.invokeInitMethods(AbstractAutowireCapableBeanFactory.java:1858)
	at org.springframework.beans.factory.support.AbstractAutowireCapableBeanFactory.initializeBean(AbstractAutowireCapableBeanFactory.java:1795)
	... 40 common frames omitted
Caused by: org.postgresql.util.PSQLException: The authentication type 10 is not supported. Check that you have configured the pg_hba.conf file to include the client's IP address or subnet, and that it is using an authentication scheme supported by the driver.
	at org.postgresql.core.v3.ConnectionFactoryImpl.doAuthentication(ConnectionFactoryImpl.java:634)
	at org.postgresql.core.v3.ConnectionFactoryImpl.openConnectionImpl(ConnectionFactoryImpl.java:217)
	at org.postgresql.core.ConnectionFactory.openConnection(ConnectionFactory.java:52)
	at org.postgresql.jdbc.PgConnection.<init>(PgConnection.java:216)
	at org.postgresql.Driver.makeConnection(Driver.java:404)
	at org.postgresql.Driver.connect(Driver.java:272)
	at org.flywaydb.core.internal.jdbc.DriverDataSource.getConnectionFromDriver(DriverDataSource.java:476)
	at org.flywaydb.core.internal.jdbc.DriverDataSource.getConnection(DriverDataSource.java:442)
	at org.flywaydb.core.internal.jdbc.JdbcUtils.openConnection(JdbcUtils.java:56)
	... 46 common frames omitted


  .   ____          _            __ _ _
 /\\ / ___'_ __ _ _(_)_ __  __ _ \ \ \ \
( ( )\___ | '_ | '_| | '_ \/ _` | \ \ \ \
 \\/  ___)| |_)| | | | | || (_| |  ) ) ) )
  '  |____| .__|_| |_|_| |_\__, | / / / /
 =========|_|==============|___/=/_/_/_/
 :: Spring Boot ::       (v2.2.13.RELEASE)

2026-04-08 12:13:27.982+0000  INFO --- [      main] o.e.b.BoundaryApplication                --  : Starting BoundaryApplication v1.1.5-SNAPSHOT on 46e7df0e4a80 with PID 1 (/app/app.jar started by root in /app) 
2026-04-08 12:13:27.986+0000  INFO --- [      main] o.e.b.BoundaryApplication                --  : No active profile set, falling back to default profiles: default 
2026-04-08 12:13:29.818+0000  INFO --- [      main] o.s.b.w.e.t.TomcatWebServer              --  : Tomcat initialized with port(s): 8082 (http) 
2026-04-08 12:13:29.831+0000  INFO --- [      main] o.a.c.core.StandardService               --  : Starting service [Tomcat] 
2026-04-08 12:13:29.831+0000  INFO --- [      main] o.a.c.core.StandardEngine                --  : Starting Servlet engine: [Apache Tomcat/9.0.41] 
2026-04-08 12:13:29.895+0000  INFO --- [      main] o.a.c.c.C.[.[.[/egov-location]           --  : Initializing Spring embedded WebApplicationContext 
2026-04-08 12:13:29.895+0000  INFO --- [      main] w.s.c.ServletWebServerApplicationContext --  : Root WebApplicationContext: initialization completed in 1842 ms 
2026-04-08 12:13:29.938+0000  INFO --- [      main] o.c.s.w.s.ServerTracingAutoConfiguration --  : Creating FilterRegistrationBean bean with TracingFilter mapped to [/*], skip pattern is "/api-docs.*|/autoconfig|/configprops|/dump|/health|/info|/metrics.*|/mappings|/swagger.*|.*.png|.*.css|.*.js|.*.html|/favicon.ico|/hystrix.stream|/prometheus|/manage/*" 
2026-04-08 12:13:30.290+0000  INFO --- [      main] o.f.c.i.license.VersionPrinter           --  : Flyway Community Edition 6.4.4 by Redgate 
2026-04-08 12:13:30.354+0000  WARN --- [      main] ConfigServletWebServerApplicationContext --  : Exception encountered during context initialization - cancelling refresh attempt: org.springframework.beans.factory.UnsatisfiedDependencyException: Error creating bean with name 'boundaryRepository' defined in URL [jar:file:/app/app.jar!/BOOT-INF/classes!/org/egov/boundary/persistence/repository/BoundaryRepository.class]: Unsatisfied dependency expressed through constructor parameter 0; nested exception is org.springframework.beans.factory.BeanCreationException: Error creating bean with name 'flywayInitializer' defined in class path resource [org/springframework/boot/autoconfigure/flyway/FlywayAutoConfiguration$FlywayConfiguration.class]: Invocation of init method failed; nested exception is org.flywaydb.core.internal.exception.FlywaySqlException: 
Unable to obtain connection from database (jdbc:postgresql://postgres:5432/egovdb) for user 'postgres': The authentication type 10 is not supported. Check that you have configured the pg_hba.conf file to include the client's IP address or subnet, and that it is using an authentication scheme supported by the driver.
-----------------------------------------------------------------------------------------------------------------------------------------------------------------------------------------------------------------------------------------------------------------------------------------------------------------------------
SQL State  : 08004
Error Code : 0
Message    : The authentication type 10 is not supported. Check that you have configured the pg_hba.conf file to include the client's IP address or subnet, and that it is using an authentication scheme supported by the driver.
 
2026-04-08 12:13:30.359+0000  INFO --- [      main] o.a.c.core.StandardService               --  : Stopping service [Tomcat] 
2026-04-08 12:13:30.376+0000  INFO --- [      main] ConditionEvaluationReportLoggingListener --  : 

Error starting ApplicationContext. To display the conditions report re-run your application with 'debug' enabled. 
2026-04-08 12:13:30.380+0000 ERROR --- [      main] o.s.boot.SpringApplication               --  : Application run failed 

org.springframework.beans.factory.UnsatisfiedDependencyException: Error creating bean with name 'boundaryRepository' defined in URL [jar:file:/app/app.jar!/BOOT-INF/classes!/org/egov/boundary/persistence/repository/BoundaryRepository.class]: Unsatisfied dependency expressed through constructor parameter 0; nested exception is org.springframework.beans.factory.BeanCreationException: Error creating bean with name 'flywayInitializer' defined in class path resource [org/springframework/boot/autoconfigure/flyway/FlywayAutoConfiguration$FlywayConfiguration.class]: Invocation of init method failed; nested exception is org.flywaydb.core.internal.exception.FlywaySqlException: 
Unable to obtain connection from database (jdbc:postgresql://postgres:5432/egovdb) for user 'postgres': The authentication type 10 is not supported. Check that you have configured the pg_hba.conf file to include the client's IP address or subnet, and that it is using an authentication scheme supported by the driver.
-----------------------------------------------------------------------------------------------------------------------------------------------------------------------------------------------------------------------------------------------------------------------------------------------------------------------------
SQL State  : 08004
Error Code : 0
Message    : The authentication type 10 is not supported. Check that you have configured the pg_hba.conf file to include the client's IP address or subnet, and that it is using an authentication scheme supported by the driver.

	at org.springframework.beans.factory.support.ConstructorResolver.createArgumentArray(ConstructorResolver.java:799)
	at org.springframework.beans.factory.support.ConstructorResolver.autowireConstructor(ConstructorResolver.java:228)
	at org.springframework.beans.factory.support.AbstractAutowireCapableBeanFactory.autowireConstructor(AbstractAutowireCapableBeanFactory.java:1361)
	at org.springframework.beans.factory.support.AbstractAutowireCapableBeanFactory.createBeanInstance(AbstractAutowireCapableBeanFactory.java:1208)
	at org.springframework.beans.factory.support.AbstractAutowireCapableBeanFactory.doCreateBean(AbstractAutowireCapableBeanFactory.java:556)
	at org.springframework.beans.factory.support.AbstractAutowireCapableBeanFactory.createBean(AbstractAutowireCapableBeanFactory.java:516)
	at org.springframework.beans.factory.support.AbstractBeanFactory.lambda$doGetBean$0(AbstractBeanFactory.java:324)
	at org.springframework.beans.factory.support.DefaultSingletonBeanRegistry.getSingleton(DefaultSingletonBeanRegistry.java:234)
	at org.springframework.beans.factory.support.AbstractBeanFactory.doGetBean(AbstractBeanFactory.java:322)
	at org.springframework.beans.factory.support.AbstractBeanFactory.getBean(AbstractBeanFactory.java:202)
	at org.springframework.beans.factory.support.DefaultListableBeanFactory.preInstantiateSingletons(DefaultListableBeanFactory.java:897)
	at org.springframework.context.support.AbstractApplicationContext.finishBeanFactoryInitialization(AbstractApplicationContext.java:879)
	at org.springframework.context.support.AbstractApplicationContext.refresh(AbstractApplicationContext.java:551)
	at org.springframework.boot.web.servlet.context.ServletWebServerApplicationContext.refresh(ServletWebServerApplicationContext.java:141)
	at org.springframework.boot.SpringApplication.refresh(SpringApplication.java:747)
	at org.springframework.boot.SpringApplication.refreshContext(SpringApplication.java:405)
	at org.springframework.boot.SpringApplication.run(SpringApplication.java:315)
	at org.springframework.boot.SpringApplication.run(SpringApplication.java:1226)
	at org.springframework.boot.SpringApplication.run(SpringApplication.java:1215)
	at org.egov.boundary.BoundaryApplication.main(BoundaryApplication.java:34)
	at java.base/jdk.internal.reflect.NativeMethodAccessorImpl.invoke0(Native Method)
	at java.base/jdk.internal.reflect.NativeMethodAccessorImpl.invoke(Unknown Source)
	at java.base/jdk.internal.reflect.DelegatingMethodAccessorImpl.invoke(Unknown Source)
	at java.base/java.lang.reflect.Method.invoke(Unknown Source)
	at org.springframework.boot.loader.MainMethodRunner.run(MainMethodRunner.java:48)
	at org.springframework.boot.loader.Launcher.launch(Launcher.java:87)
	at org.springframework.boot.loader.Launcher.launch(Launcher.java:51)
	at org.springframework.boot.loader.JarLauncher.main(JarLauncher.java:52)
Caused by: org.springframework.beans.factory.BeanCreationException: Error creating bean with name 'flywayInitializer' defined in class path resource [org/springframework/boot/autoconfigure/flyway/FlywayAutoConfiguration$FlywayConfiguration.class]: Invocation of init method failed; nested exception is org.flywaydb.core.internal.exception.FlywaySqlException: 
Unable to obtain connection from database (jdbc:postgresql://postgres:5432/egovdb) for user 'postgres': The authentication type 10 is not supported. Check that you have configured the pg_hba.conf file to include the client's IP address or subnet, and that it is using an authentication scheme supported by the driver.
-----------------------------------------------------------------------------------------------------------------------------------------------------------------------------------------------------------------------------------------------------------------------------------------------------------------------------
SQL State  : 08004
Error Code : 0
Message    : The authentication type 10 is not supported. Check that you have configured the pg_hba.conf file to include the client's IP address or subnet, and that it is using an authentication scheme supported by the driver.

	at org.springframework.beans.factory.support.AbstractAutowireCapableBeanFactory.initializeBean(AbstractAutowireCapableBeanFactory.java:1799)
	at org.springframework.beans.factory.support.AbstractAutowireCapableBeanFactory.doCreateBean(AbstractAutowireCapableBeanFactory.java:594)
	at org.springframework.beans.factory.support.AbstractAutowireCapableBeanFactory.createBean(AbstractAutowireCapableBeanFactory.java:516)
	at org.springframework.beans.factory.support.AbstractBeanFactory.lambda$doGetBean$0(AbstractBeanFactory.java:324)
	at org.springframework.beans.factory.support.DefaultSingletonBeanRegistry.getSingleton(DefaultSingletonBeanRegistry.java:234)
	at org.springframework.beans.factory.support.AbstractBeanFactory.doGetBean(AbstractBeanFactory.java:322)
	at org.springframework.beans.factory.support.AbstractBeanFactory.getBean(AbstractBeanFactory.java:202)
	at org.springframework.beans.factory.support.AbstractBeanFactory.doGetBean(AbstractBeanFactory.java:311)
	at org.springframework.beans.factory.support.AbstractBeanFactory.getBean(AbstractBeanFactory.java:202)
	at org.springframework.beans.factory.config.DependencyDescriptor.resolveCandidate(DependencyDescriptor.java:276)
	at org.springframework.beans.factory.support.DefaultListableBeanFactory.doResolveDependency(DefaultListableBeanFactory.java:1307)
	at org.springframework.beans.factory.support.DefaultListableBeanFactory.resolveDependency(DefaultListableBeanFactory.java:1227)
	at org.springframework.beans.factory.support.ConstructorResolver.resolveAutowiredArgument(ConstructorResolver.java:886)
	at org.springframework.beans.factory.support.ConstructorResolver.createArgumentArray(ConstructorResolver.java:790)
	... 27 common frames omitted
Caused by: org.flywaydb.core.internal.exception.FlywaySqlException: 
Unable to obtain connection from database (jdbc:postgresql://postgres:5432/egovdb) for user 'postgres': The authentication type 10 is not supported. Check that you have configured the pg_hba.conf file to include the client's IP address or subnet, and that it is using an authentication scheme supported by the driver.
-----------------------------------------------------------------------------------------------------------------------------------------------------------------------------------------------------------------------------------------------------------------------------------------------------------------------------
SQL State  : 08004
Error Code : 0
Message    : The authentication type 10 is not supported. Check that you have configured the pg_hba.conf file to include the client's IP address or subnet, and that it is using an authentication scheme supported by the driver.

	at org.flywaydb.core.internal.jdbc.JdbcUtils.openConnection(JdbcUtils.java:65)
	at org.flywaydb.core.internal.jdbc.JdbcConnectionFactory.<init>(JdbcConnectionFactory.java:80)
	at org.flywaydb.core.Flyway.execute(Flyway.java:456)
	at org.flywaydb.core.Flyway.migrate(Flyway.java:159)
	at org.springframework.boot.autoconfigure.flyway.FlywayMigrationInitializer.afterPropertiesSet(FlywayMigrationInitializer.java:65)
	at org.springframework.beans.factory.support.AbstractAutowireCapableBeanFactory.invokeInitMethods(AbstractAutowireCapableBeanFactory.java:1858)
	at org.springframework.beans.factory.support.AbstractAutowireCapableBeanFactory.initializeBean(AbstractAutowireCapableBeanFactory.java:1795)
	... 40 common frames omitted
Caused by: org.postgresql.util.PSQLException: The authentication type 10 is not supported. Check that you have configured the pg_hba.conf file to include the client's IP address or subnet, and that it is using an authentication scheme supported by the driver.
	at org.postgresql.core.v3.ConnectionFactoryImpl.doAuthentication(ConnectionFactoryImpl.java:634)
	at org.postgresql.core.v3.ConnectionFactoryImpl.openConnectionImpl(ConnectionFactoryImpl.java:217)
	at org.postgresql.core.ConnectionFactory.openConnection(ConnectionFactory.java:52)
	at org.postgresql.jdbc.PgConnection.<init>(PgConnection.java:216)
	at org.postgresql.Driver.makeConnection(Driver.java:404)
	at org.postgresql.Driver.connect(Driver.java:272)
	at org.flywaydb.core.internal.jdbc.DriverDataSource.getConnectionFromDriver(DriverDataSource.java:476)
	at org.flywaydb.core.internal.jdbc.DriverDataSource.getConnection(DriverDataSource.java:442)
	at org.flywaydb.core.internal.jdbc.JdbcUtils.openConnection(JdbcUtils.java:56)
	... 46 common frames omitted

